From;To;Type;Through;Data;Comment
;;;;;
#Skye;;;;;
3479;3478;impassable;0;0;scary mountain #Tibet
;;;;;
#;;;;;
# American Straits;;;;;
#;;;;;
3601;5;sea;3134;0;Vancouver Crossing
3983;5;sea;3134;0;Vancouver Crossing
232;233;sea;2953;0;Long Island
89;3566;sea;3008;0;Channel Islands
3599;15;sea;3011;0;Vancouver Crossing
3600;14;sea;3011;0;Vancouver Crossing
3598;14;sea;3011;0;Vancouver Crossing
3598;78;sea;3011;0;Vancouver Crossing
62;75;sea;2946;0;Straits of Belle Isle
68;70;sea;2944;0;Cabot Strait
2237;2269;sea;2975;0;Strait of Trinidad
2237;2276;sea;2975;0;Strait of Trinidad
2334;2335;sea;2992;0;Strait of Magellan
2399;2400;sea;2992;0;Strait of Magellan
77;74;sea;2944;0;Cabot Strait
72;73;sea;2944;0;Nova Scotia to Cape Breton
2237;2238;sea;2975;0;Trinidad-Tobago Strait
2233;2409;sea;2975;0;Grenada-St. Vincent Strait
2229;2409;sea;2975;0;Barbados-St. Vincent Strait
2231;2409;sea;2975;0;St. Lucia-St. Vincent Strait
2225;2224;sea;2976;0;Montserrat-Antigua Strait
2225;2227;sea;2976;0;Montserrat-St. Kitts Strait
2236;3246;sea;2976;0;St. Martin-St. Barths Strait
2227;3246;sea;2976;0;St. Kitts-St. Barths Strait
2223;2226;sea;2976;0;St. Thomas-Tortola Strait
2226;2222;sea;2976;0;Puerto Rico-Tortola Strait
2219;2220;sea;2977;0;Bahamas-Turks & Caicos Strait
2204;2206;sea;3001;0;Panama strait
5;3601;sea;3134;0;Aleutian Island-Dutch Harbor Strait
5;3601;sea;3134;0;Aleutian Island-Dutch Harbor Strait
3411;3320;sea;2969;0;Navassa Island-Haiti Strait
2332;579;sea;2994;0;Chiloé-Chile Strait
2209;3660;sea;2971;0;Isla de Pinos Strait
2210;3660;sea;2971;0;Isla de Pinos Strait
2234;2269;sea;2973;0;Isla Margarita Strait
51;4098;sea;50;0;Manitoulin Island
51;53;sea;3114;0;Manitoulin Island
177;53;sea;3114;0;Manitoulin Island
177;176;sea;3114;0;Manitoulin Island
;;;;;
#;;;;;
# African Straits;;;;;
#;;;;;
3875;2048;sea;2901;0;Zanzibar Strait
2123;2124;sea;2902;0;Comoros-Mayotte
1772;1757;sea;2837;0;Suez strait
2084;3895;sea;2914;0;Penguin Strait
1849;3952;sea;2782;0;Massawa Strait
3832;3964;sea;2921;0;Bolama Strait
;;;;;
#;;;;;
# European Straits;;;;;
#;;;;;
3562;332;sea;2710;0;Oland
3561;548;sea;2832;0;Rugia
383;1953;sea;2721;0;Frisian Islands
543;1953;sea;2721;0;Frisian Islands
3259;1953;sea;2721;0;Frisian Islands
370;3862;sea;2721;0;Frisian Islands
371;3862;sea;2721;0;Frisian Islands
3753;375;sea;2722;0;Frisian Islands
3753;385;sea;2722;0;Frisian Islands
3753;383;sea;2722;0;Frisian Islands
3753;1953;sea;2722;0;Frisian Islands
254;271;sea;2737;0;Irish Strait
324;348;sea;2708;0;Aland Strait #Uppsala to Aland #these were in V1
334;372;sea;3576;0;Oresund
3667;372;sea;3576;0;Oresund
3667;373;sea;3576;0;Oresund
3667;369;sea;3576;0;Oresund
335;374;sea;2832;0;Bornholmsfo
348;345;sea;2708;0;Aland Strait #Aland to Turku
353;349;sea;3574;0;Oselsund
3423;353;sea;3574;0;Strait of Riga
3617;349;sea;3574;0;Oselsund
3617;353;sea;3574;0;Strait of Riga
372;373;sea;3576;0;Fyn-Sjaelland
371;373;sea;3576;0;Fyn-Jylland
2557;373;sea;3576;0;Fyn-Esbjerg
375;385;sea;2722;0;Bay of Holland
473;766;sea;2756;0;Sassari Strait
826;824;sea;2760;0;Corfu Strait
826;853;sea;2760;0;Corfu Strait
825;3613;sea;2772;0;Thassos Strait
838;845;sea;2772;0;Cyclades Strait
838;834;sea;2772;0;Athens - Khakhis Strait
843;869;sea;2772;0;Izmir Strait
859;865;sea;2773;0;Dardanelles Strait
860;861;land;2773;0;Golden Horn
759;763;sea;2753;0;Strait of Messina
837;827;sea;2760;0;Ionian Islands Strait
966;1049;sea;2776;0;Strait of Azov
512;1686;sea;2746;0;Strait of Gibraltar - Cadiz to Tangiers
331;332;sea;2710;0;Gotland Strait
846;867;sea;2771;0;Dodecanese Strait
844;865;sea;2772;0;Myteline Strait
271;304;sea;2737;0;Irish Strait
254;304;sea;2737;0;Irish Strait
3606;303;sea;2724;0;Isle of White
3478;3477;sea;2735;0;Highlands - Orkney Strait
299;3480;sea;2726;0;Scilly - Cornwall
3484;2687;sea;3578;0;Zemlya - Amderma
780;782;land;2762;0;Mostar Bay
274;265;sea;2738;0;Ireland Strait Cause AI is dumb
3396;745;sea;2757;0;Elba to Livorno
1862;827;sea;2757;0;Kythira trolling
1862;839;sea;2757;0;Kythira trolling
2410;4076;sea;3997;0;Belém - Bragança
3479;3478;sea;2736;0;Skye-Highlands
;;;;;
#;;;;;
# Asian Straits;;;;;
#;;;;;
;;;;;
1632;2589;sea;2829;0;Pusan - Tshushima Strait
1661;2589;sea;2829;0;Nagasaki - Tshushima Strait
1540;1538;sea;2826;0;Nantong - Shanghai through the Yantze River
1540;1539;sea;2826;0;Nantong - Suzhou through the Yantze River
1541;1539;sea;2826;0;Tongzhou - Suzhou through the Yantze River
1452;1454;sea;2856;0;Biak - Merah Strait
2406;1485;sea;2825;0;Penghu - Taiwan Strait
1071;1142;sea;2787;0;Bandar abbhas - Homuz Strait
1071;1141;sea;2787;0;Lengeh - Homuz Strait
1071;2664;sea;2787;0;Kumzar - Homuz Strait
1083;1086;sea;3580;0;Tatar Straits
1087;1643;sea;3579;0;La Perouse Strait
1162;1165;sea;2788;0;Bahrain Strait
1162;1165;sea;2788;0;Bahrain Strait
1309;1322;sea;2794;0;Palk Strait #Ceylon-S India
1309;1322;sea;2794;0;Palk Strait #Ceylon-S India
1310;1322;sea;2794;0;Palk Strait #Ceylon-S India
1310;1322;sea;2794;0;Palk Strait #Ceylon-S India
1384;1402;sea;2801;0;Straits of Johore
1384;1402;sea;2801;0;Straits of Johore
1384;1385;sea;2801;0;Straits of Johore to Singapore
1384;1385;sea;2801;0;Straits of Johore to Singapore
1403;1413;sea;2805;0;Sunda Strait
1403;1413;sea;2805;0;Sunda Strait
3572;1875;sea;2783;0;Aden Strait
3572;1875;sea;2783;0;Aden Strait
1418;1421;sea;2813;0;Strait of Madura
1418;1421;sea;2813;0;Strait of Madura
1420;1438;sea;2811;0;Bali Strait
1420;1438;sea;2811;0;Bali Strait
1438;1442;sea;2811;0;Lombok Strait
1438;1442;sea;2811;0;Lombok Strait
1442;1440;sea;2811;0;Sumbawa Strait
1442;1440;sea;2811;0;Sumbawa Strait
1495;1499;sea;2823;0;Hainan Strait
1457;1461;sea;2849;0;Tacloban Strait
1457;1461;sea;2849;0;Tacloban Strait
1640;1660;sea;2843;0;Fukuoka Strait
1642;1672;sea;2841;0;Hakodate Strait
1664;1666;sea;2843;0;Matsuyama Strait
1667;1655;sea;2843;0;Setto Strait
1411;1408;sea;2803;0;Gunungsitoli Strait
1411;1408;sea;2803;0;Gunungsitoli Strait
1404;1399;sea;2813;0;Palak Panang Strait
1404;1399;sea;2813;0;Palak Panang Strait
1402;1398;sea;2815;0;Tanjungpinang Strait
1402;1398;sea;2815;0;Tanjungpinang Strait
1458;1455;sea;2848;0;Mindoro Strait
1458;1455;sea;2848;0;Mindoro Strait
1458;1460;sea;2850;0;Mindoro Strait (2)
1458;1460;sea;2850;0;Mindoro Strait (2)
1458;3369;sea;2821;0;Mindoro Strait (3)
1458;3369;sea;2821;0;Mindoro Strait (3)
2565;1461;sea;2850;0;Cebu Strait (2)
2565;1461;sea;2850;0;Cebu Strait (2)
2565;1460;sea;2850;0;Cebu Strait
2565;1460;sea;2850;0;Cebu Strait
1461;1463;sea;2850;0;Davao Strait
1461;1463;sea;2850;0;Davao Strait
1462;1460;sea;2850;0;Iloilo Strait
1462;1460;sea;2850;0;Iloilo Strait
1462;1464;sea;2821;0;Sulu Strait
1462;1464;sea;2821;0;Sulu Strait
1440;1439;sea;2811;0;Sumbawa-Flores Strait
1440;1439;sea;2811;0;Sumbawa-Flores Strait
1440;1441;sea;2808;0;Sumbawa-Sumba Strait
1440;1441;sea;2808;0;Sumbawa-Sumba Strait
1441;1443;sea;2809;0;Sumba-Roti Strait
1441;1443;sea;2809;0;Sumba-Roti Strait
1443;1445;sea;2809;0;Roti-Kaupeng Strait
1443;1445;sea;2809;0;Roti-Kaupeng Strait
1439;1444;sea;2809;0;Flores-Alor Strait
1439;1444;sea;2809;0;Flores-Alor Strait
1444;1446;sea;2854;0;Alor-Dili Strait
1444;1446;sea;2854;0;Alor-Dili Strait
1444;1451;sea;2854;0;Alor-Aru Strait
1444;1451;sea;2854;0;Alor-Aru Strait - land straint
1446;1451;sea;2854;0;Dili-Aru Strait
1446;1451;sea;2854;0;Dili-Aru Strait
1450;1449;sea;2854;0;Ceram-Ambon Strait
1450;1449;sea;2854;0;Ceram-Ambon Strait
1449;1447;sea;2852;0;Ambon Strait
1449;1447;sea;2852;0;Ambon Strait
1447;1448;sea;2852;0;Ternate-Jilolo Strait
1447;1448;sea;2852;0;Ternate-Jilolo Strait
1451;1453;sea;2862;0;Aru-Sorong Strait
1451;1453;sea;2862;0;Aru-Sorong Strait
1450;1453;sea;2853;0;Ceram-Sorong Strait
1450;1453;sea;2853;0;Ceram-Sorong Strait
1447;1434;sea;2854;0;Ternate Strait
1447;1434;sea;2854;0;Ternate Strait
1437;1436;sea;2810;0;Bulon-Kendari Strait
1437;1436;sea;2810;0;Bulon-Kendari Strait
1435;1425;sea;2812;0;Palu-Tarakan Strait
1435;1425;sea;2812;0;Palu-Tarakan Strait
1644;1089;sea;2839;0;Nemuru-Etorofu Strait
1089;1088;sea;2839;0;Etorofu-Shumshu Strait
1088;1074;sea;2839;0;Shumshu-Petropavlovsk Strait
1662;1679;sea;3581;0;Amari-Kagoshima Strait
1679;1678;sea;3581;0;Amari-Okinawa Strait
1678;3645;sea;3581;0;Sakishima-Okinawa Strait
1637;1635;sea;2827;0;Cheju-Kwangju Strait
3260;1645;sea;2841;0;Sado-Niigata Strait
832;3571;sea;2772;0;Volos to the Sporades
1676;3573;sea;2844;0;Izu Islands
3281;2119;sea;2907;0;Nosy Boraha
1456;3892;sea;2846;0;Batanes Strait
1608;1961;sea;2826;0;Chusan Strait
#;;;;;
# Oceanian Straits;;;;;
#;;;;;
2512;2516;sea;2866;0;Cook Strait #NZ
2537;1531;sea;2858;0;Villan Strait #New Britain-New Ireland
2543;2544;sea;3177;0;Samoan Boat Trip #Samoa
;;;;;
#;;;;;
# Impassables;;;;;
#;;;;;
2636;251;impassable;0;0;scary mountain #Greenland Ice Shelf
468;251;impassable;0;0;scary mountain #Greenland Ice Shelf
;;;;;
1593;1587;impassable;0;0;scary mountain #Arunachal Pradesh
1260;1341;impassable;0;0;scary mountain #Arunachal Pradesh
1341;1590;impassable;0;0;scary mountain #Arunachal Pradesh
1329;1589;impassable;0;0;scary mountain #Bhutan
1329;1587;impassable;0;0;scary mountain #Bhutan
1328;1589;impassable;0;0;scary mountain #Sikkim
1326;4153;impassable;0;0;scary mountain #Kathmandu
1326;4154;impassable;0;0;scary mountain #Kathmandu
4152;4154;impassable;0;0;scary mountain #Jumla
4152;4155;impassable;0;0;scary mountain #Jumla
1238;4155;impassable;0;0;scary mountain #Dehra Dun
1235;4155;impassable;0;0;scary mountain #Shimla
1233;4155;impassable;0;0;scary mountain #Leh
3299;1591;impassable;0;0;scary mountain #Aksai Chin
1225;3527;impassable;0;0;scary mountain #Gilgit
3323;3527;impassable;0;0;scary mountain #Gilgit
1225;1594;impassable;0;0;scary mountain #Gilgit
3299;1594;impassable;0;0;scary mountain #Gilgit
3299;4155;impassable;0;0;scary mountain #Gilgit
1226;4155;impassable;0;0;scary mountain #Gilgit
4157;4155;impassable;0;0;scary mountain #Gilgit
1327;4154;impassable;0;0;scary mountain #Gilgit
4151;4153;impassable;0;0;scary mountain #Gilgit
1341;1593;impassable;0;0;scary mountain #Gilgit
1260;1593;impassable;0;0;scary mountain #Gilgit
1258;1593;impassable;0;0;scary mountain #Gilgit
1329;1593;impassable;0;0;scary mountain #Gilgit
;;;;;
;;;;;
#Tibet/Uighuristan;;;;;
1598;1592;impassable;0;0;scary mountain #Tibet
;;;;;
;;;;;
#Suleyman/Hindu Kush Range;;;;;
3524;3523;impassable;0;0;Hindu Kush   #Kohistan-Kafirestan
3524;1216;impassable;0;0;Hindu Kush   #Kohistan-Jalalabad
1209;1219;impassable;0;0;Hindu Kush   #Kabul-Zhob
1217;1219;impassable;0;0;Suleyman   #Ghazni-Zhob
1217;3538;impassable;0;0;Suleyman   #Ghazni-Quetta
1221;1289;impassable;0;0;Suleyman   #Kalat-Sukkur
;;;;;
;;;;;
#Pamir;;;;;
3517;1223;impassable;0;0;Pamir   #Wakhan-Chitral
3517;3527;impassable;0;0;Pamir   #Wakhan-Tashkurgan
3517;3518;impassable;0;0;Pamir   #Wakhan-Qala-ye Wamar
3517;1208;impassable;0;0;Pamir   #Wakhan-Khorug
1210;1223;impassable;0;0;Pamir   #Faizabad-Chitral
1210;3523;impassable;0;0;Pamir   #Faizabad-Kafirestan
1210;1216;impassable;0;0;Pamir   #Faizabad-Jalalabad
1208;1594;impassable;0;0;Pamir   #Khorug-Kashgar
1208;3527;impassable;0;0;Pamir   #Khorug-Tashkurgan
;;;;;
#River canal lakes;;;;;
;;;;;
3954;1149;impassable;0;0;scary mountain
3954;1126;impassable;0;0;scary mountain
3637;2496;impassable;0;0;scary mountain
3636;2495;impassable;0;0;scary mountain
3635;2495;impassable;0;0;scary mountain
3640;1098;impassable;0;0;scary mountain
3640;1099;impassable;0;0;scary mountain
3232;1111;impassable;0;0;scary mountain
3232;1108;impassable;0;0;scary mountain
3232;3504;impassable;0;0;scary mountain
3232;1109;impassable;0;0;scary mountain
3232;3353;impassable;0;0;scary mountain
3632;1149;impassable;0;0;scary mountain
3632;3354;impassable;0;0;scary mountain
3633;2601;impassable;0;0;scary mountain
3633;2603;impassable;0;0;scary mountain
3634;2495;impassable;0;0;scary mountain
3231;86;impassable;0;0;scary mountain
3231;94;impassable;0;0;scary mountain
3639;1710;impassable;0;0;scary mountain
3639;1712;impassable;0;0;scary mountain
3638;1712;impassable;0;0;scary mountain
3638;1710;impassable;0;0;scary mountain
3638;3827;impassable;0;0;scary mountain
3626;2678;impassable;0;0;scary mountain
3625;2608;impassable;0;0;scary mountain
;;;;;
#Alay Mountains;;;;;
;;;;;
1207;1201;impassable;0;0;scary mountain
3522;1201;impassable;0;0;scary mountain
3522;1203;impassable;0;0;scary mountain
;;;;;
#Iran;;;;;
;;;;;
1112;1113;impassable;0;0;scary mountain #Ardabil-Rasht
1113;3503;impassable;0;0;scary mountain #Ardabil-Parsabad
1121;1114;impassable;0;0;scary mountain #Tehran-Noshehr
1121;1115;impassable;0;0;scary mountain #Tehran-Sari
1114;1124;impassable;0;0;scary mountain #Noshehr-Qazvin
1134;3349;impassable;0;0;scary mountain #Dehkord-Izeh
1134;1133;impassable;0;0;scary mountain #Dehkord-Dezful
1120;1119;impassable;0;0;scary mountain #Khoramabad-Ilam
892;3348;impassable;0;0;scary mountain #Bay-Maku
3536;3348;impassable;0;0;scary mountain #Bayazid-Maku
1110;892;impassable;0;0;scary mountain #Bay-Chihriq
928;1110;impassable;0;0;scary mountain #Rewanduz-Chihriq
928;3353;impassable;0;0;scary mountain #Rewanduz-Orumiyeh
;;;;;
#Caucasus;;;;;
;;;;;
1106;1100;impassable;0;0;scary mountain #Agdam-Kapan
1099;1105;impassable;0;0;scary mountain #Gyumri-Genje
1099;1090;impassable;0;0;scary mountain #Gyumri-Tiblisi
1051;1095;impassable;0;0;scary mountain #Adygei-Sukhumi
1051;3274;impassable;0;0;scary mountain #Adygei-Svaneti
1056;3274;impassable;0;0;scary mountain #Pyatigorsk-Svaneti
1056;1092;impassable;0;0;scary mountain #Pyatigorsk-Kutaisi
1054;1092;impassable;0;0;scary mountain #Vladikavkaz-Kutaisi
3429;1055;impassable;0;0;scary mountain #Telavi-Shali
3429;3391;impassable;0;0;scary mountain #Telavi-Nazran
3429;1053;impassable;0;0;scary mountain #Telavi-Gunib
3316;1053;impassable;0;0;scary mountain #Ilisu-Gunib
3316;3384;impassable;0;0;scary mountain #Ilisu-Kurakh
1104;3384;impassable;0;0;scary mountain #Sheki-Kurakh
1104;3385;impassable;0;0;scary mountain #Sheki-Quba
3386;3385;impassable;0;0;scary mountain #Shamaki-Quba
3386;1103;impassable;0;0;scary mountain #Shamaki-Siyazen
;;;;;
#Alps;;;;;
;;;;;
2669;735;impassable;0;0;Sondrio-Bozen
2669;734;impassable;0;0;Sondrio-Trent
2669;611;impassable;0;0;Sondrio-Chur
2669;2568;impassable;0;0;Sondrio-Lugano
722;3272;impassable;0;0;Novara-Bern
2568;722;impassable;0;0;Lugano-Novara
609;722;impassable;0;0;Sitten-Novara
469;472;impassable;0;0;Lucerne-Novara
609;465;impassable;0;0;Lucerne-Novara
469;465;impassable;0;0;Lucerne-Novara
721;3272;impassable;0;0;Lucerne-Novara
465;3434;impassable;0;0;Lucerne-Novara
472;3434;impassable;0;0;Lucerne-Novara
472;720;impassable;0;0;Lucerne-Novara
611;614;impassable;0;0;Lucerne-Novara
613;618;impassable;0;0;Lucerne-Novara
613;617;impassable;0;0;Lucerne-Novara
469;466;impassable;0;0;Lucerne-Novara
3262;615;impassable;0;0;Lucerne-Novara
3262;735;impassable;0;0;Lucerne-Novara
3262;734;impassable;0;0;Lucerne-Novara
;;;;;
#Alaskan Panhandle;;;;;
;;;;;
3597;6;impassable;0;0;
2;3597;impassable;0;0;
1;3597;impassable;0;0;
4;3597;impassable;0;0;
1;17;impassable;0;0;

2138;2156;impassable;0;0;
;;;;;
#Siberia;;;;;
;;;;;
2689;2682;impassable;0;0;Northern urals
2689;1062;impassable;0;0;Northern urals
3658;1062;impassable;0;0;Northern urals
3658;2685;impassable;0;0;Northern urals
2659;2657;impassable;0;0;Yamal-Yenisei
2659;2692;impassable;0;0;Yamal-Yenisei
2615;2692;impassable;0;0;Yamal-Yenisei
2646;2692;impassable;0;0;Yamal-Yenisei
2654;2653;impassable;0;0;Yenisei-Yakut
2654;2673;impassable;0;0;Yenisei-Yakut
2693;2673;impassable;0;0;Yenisei-Yakut
2655;2673;impassable;0;0;Yenisei-Yakut
2655;2651;impassable;0;0;Yenisei-Yakut
2675;2651;impassable;0;0;Yenisei-Yakut
1645;1674;impassable;0;0;Japan
;;;;;
#Andes;;;;;
2388;2322;impassable;0;0;Andes
2375;2322;impassable;0;0;Andes
2385;2322;impassable;0;0;Andes
2327;2391;impassable;0;0;Andes
4082;4083;impassable;0;0;Darien Gap
;;;;;
;;;;;
#Pyrennees;;;;;
493;460;impassable;0;0;Pyrennees
460;496;impassable;0;0;Pyrennees
496;457;impassable;0;0;Pyrennees
457;500;impassable;0;0;Pyrennees
3252;463;impassable;0;0;Pyrennees
3401;3433;impassable;0;0;Pyrennees
499;3252;impassable;0;0;Pyrennees
3401;457;impassable;0;0;Pyrennees
;;;;;
;;;;;
#Carpathians;;;;;
660;672;impassable;0;0;Carpathians
659;667;impassable;0;0;Carpathians
656;665;impassable;0;0;Carpathians
663;660;impassable;0;0;Carpathians
953;3422;impassable;0;0;Carpathians
953;661;impassable;0;0;Carpathians
950;953;impassable;0;0;Carpathians
705;638;impassable;0;0;Carpathians
704;638;impassable;0;0;Carpathians
704;636;impassable;0;0;Carpathians
689;634;impassable;0;0;Carpathians
2584;634;impassable;0;0;Carpathians
3285;634;impassable;0;0;Carpathians
3285;636;impassable;0;0;Carpathians
799;810;impassable;0;0;Carpathians
823;3373;impassable;0;0;Carpathians
815;823;impassable;0;0;Carpathians
950;705;impassable;0;0;Carpathians
;;;;;
;;;;;
#Atlas Mountains;;;;;
1690;1699;impassable;0;0;Atlas Mountains
1698;1692;impassable;0;0;Atlas Mountains
1698;1690;impassable;0;0;Atlas Mountains
;;;;;
;;;;;
#New Guinea Mountains;;;;;
1560;1454;impassable;0;0;New Guinea Mountains
2530;2529;impassable;0;0;New Guinea Mountains
;;;;;
;;;;;
#Tienshan Mountains;;;;;
1190;1594;impassable;0;0;Tienshan Range  #Naryn-Kashgar
1597;1190;impassable;0;0;Tienshan Range  #Aksu-Naryn
1597;1186;impassable;0;0;Tienshan Range  #Aksu-Alma Ata
1597;1595;impassable;0;0;Tienshan Range #Aksu-Ili
1597;1600;impassable;0;0;Tienshan Range #Aksu-Urumqi
;;;;;
;;;;;
#Skands;;;;;
308;315;impassable;0;0;Skands
305;315;impassable;0;0;Skands
319;305;impassable;0;0;Skands
3338;305;impassable;0;0;Skands
3338;306;impassable;0;0;Skands
;;;;;
;;;;;
#Great Escarpment;;;;;
2104;2112;impassable;0;0;Great Escarpment
2104;3901;impassable;0;0;Great Escarpment
2104;3902;impassable;0;0;Great Escarpment
#The Amazon;;;;;
2554;2466;impassable;0;0;Concepcion
2554;2341;impassable;0;0;Concepcion
2554;2342;impassable;0;0;Concepcion
2554;2358;impassable;0;0;Concepcion
2554;2458;impassable;0;0;Concepcion
2554;2462;impassable;0;0;Concepcion
2554;2466;canal;3184;71;Concepcion to Santo Ângelo
2554;2341;canal;3184;72;Concepcion to Villarrica
2554;2342;canal;3184;73;Concepcion to San Pedro
2554;2358;canal;3184;74;Concepcion to Santo Tomé
2554;2462;canal;3184;75;Concepcion to Palmas
2554;2458;canal;3184;76;Concepcion to Guarapuava
2462;4108;impassable;0;0;Palmas
2462;2458;impassable;0;0;Palmas
2462;2465;impassable;0;0;Palmas
2462;4107;impassable;0;0;Palmas
2462;4108;canal;3184;77;Palmas to Lajes
2462;2458;canal;3184;78;Palmas to Guarapuava
2462;2465;canal;3184;79;Palmas to Passo Fundo
2462;4107;canal;3184;80;Palmas to Santo Ângelo
2458;2342;impassable;0;0;Guarapuava
2458;4114;impassable;0;0;Guarapuava
2458;2460;impassable;0;0;Guarapuava
2458;4000;impassable;0;0;Guarapuava
2458;4108;impassable;0;0;Guarapuava
2458;2342;canal;3184;81;Guarapuava to San Pedro
2458;4114;canal;3184;82;Guarapuava to Iguatemi
2458;2460;canal;3184;83;Guarapuava to Casto
2458;4000;canal;3184;84;Guarapuava to Cascavel
2458;4108;canal;3184;85;Guarapuava to Lajes
2460;4000;impassable;0;0;Castro
2460;2453;impassable;0;0;Castro
2460;2416;impassable;0;0;Castro
2458;2416;impassable;0;0;Castro
4183;2416;impassable;0;0;kadiweu
2460;4000;canal;3184;86;Castro to Cascavel
2460;2453;canal;3184;88;Castro to Assis
2460;2416;canal;3184;247;Castro to Assis
2458;2416;canal;3184;395;Castro to Guarapuava
4183;2416;canal;3184;371;kadiweu to ygurey
4183;3569;impassable;0;0;fuerte olimpo
4183;3569;canal;3184;397;fuerte olimpo to itamoroto
4183;3987;impassable;0;0;guazyero
4183;3987;canal;3184;398;guazyero to itamoroto
4183;2343;impassable;0;0;san pedro
4183;2343;canal;3184;399;san pedro to itamoroto
4183;2420;impassable;0;0;kadiweu
4183;2420;canal;3184;400;kadiweu to itamoroto
3987;2420;impassable;0;0;kadiweu
3987;2420;canal;3184;401;kadiweu to itamoroto
4115;2420;impassable;0;0;kadiweu
4115;2420;canal;3184;402;kadiweu to miranda
3988;2420;impassable;0;0;kadiweu
3988;2420;canal;3184;403;kadiweu to ladario
2318;2420;impassable;0;0;kadiweu
2318;2420;canal;3184;404;kadiweu to kaalya
3570;2420;impassable;0;0;kadiweu
3570;2420;canal;3184;405;kadiweu to yrendague
2453;2306;impassable;0;0;Assis
2453;2456;impassable;0;0;Assis
2453;2306;canal;3184;90;Assis to Sorocaba
2453;2456;canal;3184;92;Assis to Araraquara
2419;2421;impassable;0;0;Corumbá
2419;2445;impassable;0;0;Corumbá
3987;4115;impassable;0;0;Corumbá
3987;4117;impassable;0;0;Corumbá
2416;2419;impassable;0;0;Corumbá
2419;2421;canal;3184;97;Corumbá to vila boa
2419;2445;canal;3184;98;Corumbá to Uberaba
3987;4115;canal;3184;100;Corumbá to Corumbá2
3987;4117;canal;3184;101;Corumbá to Corumbá3
2416;2419;canal;3184;99;Corumbá to Corumbá3
4114;2342;impassable;0;0;kat
4114;2342;canal;3184;391;kat to villa
4114;2458;impassable;0;0;kat
4114;2458;canal;3184;392;kat to Guarapuava
4114;2416;impassable;0;0;kat
4114;2416;canal;3184;393;kat to ygurey
4114;2343;impassable;0;0;kat
4114;2343;canal;3184;394;kat to san pedro
2418;2413;impassable;0;0;Cuiaba
2418;2417;impassable;0;0;Cuiaba
4110;4117;impassable;0;0;kinikinao
2419;3987;impassable;0;0;kinikinao
4110;3989;impassable;0;0;kinikinao
2418;2413;canal;3184;106;Cuiaba to Maraba
2418;2417;canal;3184;107;Cuiaba to Vila da Palma
4110;4117;canal;3184;108;Cuiaba to kinikinao
2419;3987;canal;3184;93;Cuiaba to kinikinao
4110;3989;canal;3184;111;Cuiaba to kinikinao
4184;2413;impassable;0;0;Vila da Palma
4184;2418;impassable;0;0;Vila da Palma
4185;2425;impassable;0;0;Vila da Palma
4185;2427;impassable;0;0;Vila da Palma
4185;4112;impassable;0;0;Vila da Palma
4184;2413;canal;3184;112;Vila da Palma to Maraba
4184;2418;canal;3184;113;Vila da Palma to Cuiaba
4084;2425;impassable;0;0;boa vista
4084;2425;canal;3184;116;boa vista to Chapada
4185;2423;impassable;0;0;Vila da Palma
4185;2423;canal;3184;407;Vila da Palma to acroanim
4184;2423;impassable;0;0;Vila da Palma
4184;2423;canal;3184;406;Vila da Palma to sherente
4185;2425;canal;3184;104;Vila da Palma to Chapada
4185;2427;canal;3184;117;Vila da Palma to Oeiras
4185;4112;canal;3184;118;Vila da Palma to Vila da Barra
2427;2425;impassable;0;0;Oeiras
2427;4112;impassable;0;0;Oeiras
2427;4001;impassable;0;0;Oeiras
2427;2425;canal;3184;122;Oeiras to Chapada
2427;4112;canal;3184;124;Oeiras to Vila do Barra
2427;4001;canal;3184;125;Oeiras to Piaui1
2425;2424;impassable;0;0;Chapada
2425;3749;impassable;0;0;Chapada
2425;2424;canal;3184;128;Chapada to São Luis
2425;3749;canal;3184;130;Chapada to Tucurui
3749;2410;impassable;0;0;Tucurui
3749;2410;canal;3184;131;Tucurui to Belem
3979;2413;impassable;0;0;Tucurui
3979;2413;canal;3184;132;Tucurui to Maraba
2413;2600;impassable;0;0;Maraba
2413;2600;canal;3184;140;Maraba to altamira
2417;2405;impassable;0;0;Vila Bela
2417;2550;impassable;0;0;Vila Bela
2417;2600;impassable;0;0;Vila Bela
2417;3989;impassable;0;0;Vila Bela
2417;3990;impassable;0;0;Vila Bela
2417;2405;canal;3184;142;Vila Bela to Borba
2417;2550;canal;3184;145;Vila Bela to Forte do Principe
2417;2600;canal;3184;146;Vila Bela to Altamira
2417;3989;canal;3184;147;Vila Bela to Corumbá3
2417;3990;canal;3184;148;Vila Bela to Corumbá4
2600;2405;impassable;0;0;Altamira
2600;3979;impassable;0;0;Altamira
2600;2411;impassable;0;0;Altamira
2600;2405;canal;3184;149;Altamira to Borba
2600;3979;canal;3184;150;Altamira to Belem
2600;2411;canal;3184;151;Altamira to Santarem
2405;2411;impassable;0;0;Borba
2405;2550;impassable;0;0;Borba
2405;3993;impassable;0;0;Borba
2405;110;impassable;0;0;Borba
2405;2411;canal;3184;155;Borba to Santarem
2405;2550;canal;3184;157;Borba to Forte do Principe
2405;3993;canal;3184;159;Borba to parariver1
2405;110;canal;3184;160;Borba to parariver2
2550;3991;impassable;0;0;Forte do Principe
2550;3992;impassable;0;0;Forte do Principe
2550;3991;canal;3184;164;Forte do Principe to rondoniariver
2550;3992;canal;3184;165;Forte do Principe to acreriver1
3992;3435;impassable;0;0;acreriver1
3992;3435;canal;3184;174;acreriver1 to purus
3380;2316;impassable;0;0;Corumbá (bolivia)
3380;2318;impassable;0;0;Corumbá (bolivia)
3380;3990;impassable;0;0;Corumbá (bolivia)
3380;4005;impassable;0;0;Corumbá (bolivia)
3380;2316;canal;3184;175;Corumbá (bolivia) to Santa Ana
3380;2318;canal;3184;176;Corumbá (bolivia) to Kimome
3380;3990;canal;3184;179;Corumbá (bolivia) to Corumbá4
3380;4005;canal;3184;180;Corumbá (bolivia) to Corumbá3
4005;2316;impassable;0;0;Corumbá3
4005;4004;impassable;0;0;Corumbá3
4005;2316;canal;3184;181;Corumbá3 to Santa Ana
4005;4004;canal;3184;184;Corumbá3 to La paz 3
2316;3990;impassable;0;0;Santa Ana
2316;3991;impassable;0;0;Santa Ana
2316;4004;impassable;0;0;Santa Ana
2316;3990;canal;3184;186;Santa Ana to Corumbá4
2316;3991;canal;3184;187;Santa Ana to rondoniariver
2316;4004;canal;3184;189;Santa Ana to lapaz3
4003;2310;impassable;0;0;lapaz3
4003;2311;impassable;0;0;lapaz3
4003;2316;impassable;0;0;lapaz3
4003;4004;impassable;0;0;lapaz3
4003;4006;impassable;0;0;lapaz3
4003;4022;impassable;0;0;lapaz3
4003;2310;canal;3184;192;lapaz3 to La paz
4003;2311;canal;3184;193;lapaz3 to chochabamba
4003;2316;canal;3184;194;lapaz3 to Santa ana
4003;4004;canal;3184;195;lapaz3 lapaz3
4003;4006;canal;3184;196;lapaz3 to lapaz4
4003;4022;canal;3184;197;lapaz3 to santa cruz
2320;2321;impassable;0;0;San ignacio
2320;3991;impassable;0;0;San ignacio
2320;3992;impassable;0;0;San ignacio
2320;2321;canal;3184;199;San ignacio to manuripe
2320;3991;canal;3184;201;San ignacio to rondoniariver
2320;3992;canal;3184;202;San ignacio to acreriver1
4007;2319;impassable;0;0;acre6
4007;2320;impassable;0;0;acre6
4007;2321;impassable;0;0;acre6
4007;2319;canal;3184;207;acre6 to ixiamas
4007;2320;canal;3184;208;acre6 to san ignacio
4007;2321;canal;3184;209;acre6 to manuripe
2301;2302;impassable;0;0;paucartambo
2301;4007;impassable;0;0;paucartambo
2301;2303;impassable;0;0;paucartambo
2301;2302;canal;3184;210;paucartambo to cusco
2301;4007;canal;3184;213;paucartambo to acre6
2301;2303;canal;3184;214;paucartambo to puno
2321;3326;impassable;0;0;manuripe
2321;3326;canal;3184;216;manuripe to acre
3382;2321;impassable;0;0;abuna
3382;4187;impassable;0;0;abuna
3382;3992;impassable;0;0;abuna
3382;2321;canal;3184;221;abuna to manuripe
3382;4187;canal;3184;223;abuna to purus
3382;3992;canal;3184;224;abuna to acreriver1
3823;2301;impassable;0;0;manu
3823;2321;impassable;0;0;manu
3823;3326;impassable;0;0;manu
3823;4008;impassable;0;0;manu
3823;2301;canal;3184;225;manu to paucartambo
3823;2321;canal;3184;227;manu to manuripe
3823;3326;canal;3184;228;manu to acre
3823;4008;canal;3184;230;manu to peru1
4008;2296;impassable;0;0;peru1
4008;2299;impassable;0;0;peru1
4008;2302;impassable;0;0;peru1
4008;4068;impassable;0;0;peru1
4008;2296;canal;3184;231;peru1 to huancayo
4008;2299;canal;3184;232;peru1 to ayacucho
4008;2302;canal;3184;233;peru1 to cusco
4008;4068;canal;3184;317;peru1 to Huanta
2296;3557;impassable;0;0;huancayo
2296;4009;impassable;0;0;huancayo
2296;4068;impassable;0;0;huancayo
2296;3557;canal;3184;238;huancayo to esperanza
2296;4009;canal;3184;240;huancayo to peru2
2296;4068;canal;3184;323;huancayo to Huanta
2300;3557;impassable;0;0;pucallpa
2300;4010;impassable;0;0;pucallpa
2300;3557;canal;3184;250;pucallpa to esperanza
2300;4010;canal;3184;251;pucallpa to peru3
3557;278;impassable;0;0;esperanza
3557;2549;impassable;0;0;esperanza
3557;3823;impassable;0;0;esperanza
3557;4008;impassable;0;0;esperanza
3557;278;canal;3184;253;esperanza to 278
3557;2549;canal;3184;257;esperanza to Tarauaca
3557;3823;canal;3184;261;esperanza to manu
3557;4008;canal;3184;262;esperanza to peru1
278;2286;impassable;0;0;278
278;3652;impassable;0;0;278
278;4014;impassable;0;0;278
278;2286;canal;3184;263;278 to caballococha
278;3652;canal;3184;266;278 to olivença
278;4014;canal;3184;267;278 to peru7
2549;3326;impassable;0;0;Tarauaca
2549;3326;canal;3184;275;Tarauaca to acre
4187;3326;impassable;0;0;purus
3435;3381;impassable;0;0;purus
3435;4186;impassable;0;0;purus
4187;3326;canal;3184;280;purus to acre
3435;3381;canal;3184;281;purus to yarua
3435;4186;canal;3184;283;purus to teffe
3381;2549;impassable;0;0;yaruá 
3381;3651;impassable;0;0;yaruá 
3381;3652;impassable;0;0;yaruá 
3381;2549;canal;3184;286;yaruá to Tarauaca
3381;3651;canal;3184;290;yaruá to teffe
3381;3652;canal;3184;291;yaruá to olivença
2286;3652;impassable;0;0;caballococha
2286;4014;impassable;0;0;caballococha
2286;4015;impassable;0;0;caballococha
2286;3652;canal;3184;293;caballococha to olivença
2286;4014;canal;3184;295;caballococha to peru7
2286;4015;canal;3184;296;caballococha to peru8
3652;3651;impassable;0;0;olivença
3652;3996;impassable;0;0;olivença
3652;3651;canal;3184;301;olivença to teffe
3652;3996;canal;3184;302;olivença to paranariver4
4186;3993;impassable;0;0;teffe
3651;3995;impassable;0;0;teffe
4186;3993;canal;3184;306;teffe to parariver1
3651;3995;canal;3184;308;teffe to parariver3
2403;2404;impassable;0;0;Cachoeira
2403;3994;impassable;0;0;Cachoeira
2403;3995;impassable;0;0;Cachoeira
2403;2404;canal;3184;309;Cachoeira to tefe
2403;3994;canal;3184;307;Cachoeira to tefe
2403;3995;canal;3184;312;Cachoeira to parariver3
3359;2403;impassable;0;0;Tonantins
3359;3567;impassable;0;0;Tonantins
3359;3995;impassable;0;0;Tonantins
3359;3996;impassable;0;0;Tonantins
3359;2403;canal;3184;321;Tonantins to Cachoeira
3359;3567;canal;3184;322;Tonantins to marabitanas
3359;3996;canal;3184;325;Tonantins to paranariver4
3567;2403;impassable;0;0;Marabitanas
3567;3998;impassable;0;0;Marabitanas
3567;2403;canal;3184;328;Marabitanas to Ya'u
3567;3998;canal;3184;330;Marabitanas to parariver6
2401;3567;impassable;0;0;marabitanas
2401;3998;impassable;0;0;marabitanas
2401;3567;canal;3184;336;marabitanas to Marabitanas
2401;3998;canal;3184;337;marabitanas to parariver6
2288;2284;impassable;0;0;Iquitos
2288;2289;impassable;0;0;Iquitos
2288;4013;impassable;0;0;Iquitos
2288;2284;canal;3184;339;Iquitos to tena
2288;2289;canal;3184;340;Iquitos to flor de augusto
2288;4013;canal;3184;239;Iquitos to peru6
2289;2263;impassable;0;0;flor de agosto
2289;2284;impassable;0;0;flor de agosto
2289;4015;impassable;0;0;flor de agosto
2289;2263;canal;3184;343;flor de agosto to Leticia
2289;2284;canal;3184;344;flor de agosto to tena
2289;4015;canal;3184;347;flor de agosto to peru8
4016;2289;impassable;0;0;Tena
4016;4188;impassable;0;0;Tena
2284;4016;impassable;0;0;Tena
4016;2289;canal;3184;348;Tena to pasto
4016;4188;canal;3184;349;Tena to leticia
2284;4016;canal;3184;354;Tena to peru9
4189;2247;impassable;0;0;Leticia
4188;2259;impassable;0;0;Leticia
2263;2260;impassable;0;0;Leticia
2263;4015;impassable;0;0;Leticia
4189;2247;canal;3184;355;Leticia to popayan
4188;2259;canal;3184;356;Leticia to pasto
2263;2260;canal;3184;357;Leticia to Gauaviare
2263;4015;canal;3184;362;Leticia to peru8
4189;4073;impassable;0;0;Gauaviare
4189;2249;impassable;0;0;Gauaviare
4189;2257;impassable;0;0;Gauaviare
2260;2261;impassable;0;0;Gauaviare
4189;4073;canal;3184;363;Gauaviare to magdalena
4189;2249;canal;3184;365;Gauaviare to tunja
4189;2257;canal;3184;366;Gauaviare to popayan
2260;2261;canal;3184;367;Gauaviare to obando
2261;2401;impassable;0;0;Obando
2261;2401;canal;3184;373;Obando to marabitanas
3376;904;impassable;0;0;ariari
3376;2261;impassable;0;0;ariari
3376;904;canal;3184;375;ariari to Hama
3376;2261;canal;3184;378;ariari to obando
2249;2247;impassable;0;0;Tunja
2249;2262;impassable;0;0;Tunja
2249;4104;impassable;0;0;Tunja
2249;2247;canal;3184;381;Tunja to Bogota
2249;2262;canal;3184;383;Tunja to casanare
2249;4104;canal;3184;385;Tunja to grancolombia3
904;696;impassable;0;0;Hama
904;2401;impassable;0;0;Hama
904;4017;impassable;0;0;Hama
904;696;canal;3184;386;Hama to 969
904;2401;canal;3184;388;Hama to marabitanas
904;4017;canal;3184;284;Hama to grancolombia1
2262;3360;impassable;0;0;Casanare
2262;3376;impassable;0;0;Casanare
4181;4104;impassable;0;0;Casanare
2262;3360;canal;3184;200;Casanare to puerto carreño
2262;3376;canal;3184;169;Casanare to Ariari
4181;4104;canal;3184;271;Casanare to grancolombia3
3360;904;impassable;0;0;Puerto carreño
3360;4018;impassable;0;0;Puerto carreño
3360;4074;impassable;0;0;Puerto carreño
3360;904;canal;3184;237;Puerto carreño to Hama
3360;4018;canal;3184;215;Puerto carreño to grancolombia2
3360;4074;canal;3184;335;Puerto carreño to grancolombia2
2274;4074;impassable;0;0;Barinas
2274;2266;impassable;0;0;Barinas
2274;4018;impassable;0;0;Barinas
2274;4074;canal;3184;241;Barinas to barinas2
2274;2266;canal;3184;332;Barinas to calabozo
2274;4018;canal;3184;372;Barinas to grancolombia2
3748;4181;impassable;0;0;arauca
3748;4181;canal;3184;352;arauca to casanare
2407;2415;impassable;0;0;tabatinga
2407;4076;impassable;0;0;tabatinga
2407;2415;canal;3184;351;tabatinga to macapa
2407;4076;canal;3184;163;tabatinga to bragança
2412;2407;impassable;0;0;Obidos
2412;4076;impassable;0;0;Obidos
2412;2407;canal;3184;235;Obidos to tabatinga
2412;4076;canal;3184;156;Obidos to bragança
2402;4109;impassable;0;0;Manaus
2402;2412;impassable;0;0;Manaus
2402;3994;impassable;0;0;Manaus
2402;3999;impassable;0;0;Manaus
2402;4109;canal;3184;229;Manaus to othereruzumna
2402;2412;canal;3184;205;Manaus to obidos
2402;3994;canal;3184;274;Manaus to parariver2
2402;3999;canal;3184;297;Manaus to parariver7
3999;2404;impassable;0;0;parariver7
3999;2532;impassable;0;0;parariver7
3999;2404;canal;3184;327;parariver7 to tefe
3999;2532;canal;3184;260;parariver7 to são joaquim
1977;2404;impassable;0;0;mucajai
1977;2532;impassable;0;0;mucajai
1977;3998;impassable;0;0;mucajai
1977;3999;impassable;0;0;mucajai
1977;2404;canal;3184;109;mucajai to tefe
1977;2532;canal;3184;316;mucajai to são joaquim
1977;3998;canal;3184;226;mucajai to parariver6
1977;3999;canal;3184;368;mucajai to parariver7
4017;696;impassable;0;0;Atabapo
2278;4017;impassable;0;0;Atabapo
4075;4017;impassable;0;0;Atabapo
4017;696;canal;3184;331;Atabapo to 969
2278;4017;canal;3184;135;Atabapo to 969
4074;2266;impassable;0;0;Atabapo
4074;2266;canal;3184;374;Atabapo to 969
4074;2238;impassable;0;0;Atabapo
4074;2238;canal;3184;158;Atabapo to 969
4074;4181;impassable;0;0;Atabapo
4074;4181;canal;3184;87;Atabapo to Arauca
2262;4181;impassable;0;0;Atabapo
2262;4181;canal;3184;153;Atabapo to Arauca
4075;4017;canal;3184;361;Atabapo to grancolombia1
4018;696;impassable;0;0;El jobal
2277;2238;impassable;0;0;El jobal
2277;2275;impassable;0;0;El jobal
2277;2278;impassable;0;0;El jobal
2277;2532;impassable;0;0;El jobal
2277;4018;impassable;0;0;El jobal
4018;696;canal;3184;162;El jobal to 696
2277;2238;canal;3184;222;El jobal to calabozo
2277;2275;canal;3184;304;El jobal to angostura
2277;2278;canal;3184;206;El jobal to atabapo
2277;2532;canal;3184;379;El jobal to são joaquim
2277;4018;canal;3184;305;El jobal to grancolombia2
2275;2273;impassable;0;0;angostura
2275;2532;impassable;0;0;angostura
2275;4020;impassable;0;0;angostura
2275;2273;canal;3184;376;angostura to calabozo
2275;2532;canal;3184;310;angostura to são joaquim
2275;4020;canal;3184;377;angostura to grancolombia4
2532;4109;impassable;0;0;São joaquim
2532;4109;canal;3184;358;São joaquim to othereruzumna
4109;1979;impassable;0;0;othereruzumna
4109;2242;impassable;0;0;othereruzumna
2408;2245;impassable;0;0;Oriximina
2408;2246;impassable;0;0;Oriximina
2408;2407;impassable;0;0;Oriximina
2408;2412;impassable;0;0;Oriximina
2408;2415;impassable;0;0;Oriximina
4109;3499;impassable;0;0;Oriximina
2408;3556;impassable;0;0;othereruzumna
2408;3653;impassable;0;0;othereruzumna
4109;3999;impassable;0;0;othereruzumna
4109;1979;canal;3184;345;othereruzumna to biloka
4109;2242;canal;3184;269;Oriximina to mahdia
2408;2245;canal;3184;268;Oriximina to apetina
2408;2246;canal;3184;276;Oriximina to Maripasoula
2408;2407;canal;3184;270;Oriximina to tabatina
2408;2412;canal;3184;259;Oriximina to obidos
2408;2415;canal;3184;279;Oriximina to macapa
4109;3499;canal;3184;285;othereruzumna to kwakwani
2408;3556;canal;3184;288;Oriximina to litani
2408;3653;canal;3184;277;Oriximina to tapanahony
4109;3999;canal;3184;272;othereruzumna to parariver7
2415;2246;impassable;0;0;macapa
2415;2246;canal;3184;282;macapa to Maripasoula
2246;2241;impassable;0;0;Maripasoula
2246;3556;impassable;0;0;Maripasoula
2246;2241;canal;3184;217;Maripasoula to Cayenne
2246;3556;canal;3184;319;Maripasoula to litani
3653;2246;impassable;0;0;tapanahony
3653;3556;impassable;0;0;tapanahony
3653;2246;canal;3184;220;tapanahony to Maripasoula
3653;3556;canal;3184;170;tapanahony to litani
2245;2240;impassable;0;0;apetina
2245;2246;impassable;0;0;apetina
2245;3653;impassable;0;0;apetina
2245;2240;canal;3184;219;apetina to paramaribo
2245;2246;canal;3184;204;apetina to Maripasoula
2245;3653;canal;3184;292;apetina to tapanahony
1979;2245;impassable;0;0;biolka
1979;2245;canal;3184;252;biolka to apetina
3499;1979;impassable;0;0;kwakwani
3499;2239;impassable;0;0;kwakwani
3499;2242;impassable;0;0;kwakwani
3499;2245;impassable;0;0;kwakwani
3499;1979;canal;3184;218;kwakwani to biloka
3499;2239;canal;3184;212;kwakwani to Georgetown
3499;2242;canal;3184;300;kwakwani to mahdia
3499;2245;canal;3184;278;kwakwani to apetina
2242;830;impassable;0;0;mahdia
2242;2532;impassable;0;0;mahdia
2242;3568;impassable;0;0;mahdia
2242;830;canal;3184;273;mahdia to pirara
2242;2532;canal;3184;265;mahdia to são joaquim
2242;3568;canal;3184;211;mahdia to bonfim
830;2532;impassable;0;0;pirara
830;2532;canal;3184;255;pirara to são joaquim
3568;830;impassable;0;0;bonfim
3568;2532;impassable;0;0;bonfim
3568;830;canal;3184;234;bonfim to pirara
3568;2532;canal;3184;264;bonfim to são joaquim
2243;2242;impassable;0;0;essequibo
2243;3781;impassable;0;0;essequibo
2243;2242;canal;3184;256;essequibo to mahdia
2422;2421;impassable;0;0;berohoky
2422;2421;canal;3184;246;berohoky to aganja
2243;3781;canal;3184;105;essequibo to guasipati
4021;2243;impassable;0;0;grancolombia5
4021;3781;impassable;0;0;grancolombia5
4021;2276;impassable;0;0;grancolombia5
4021;4020;impassable;0;0;grancolombia5
4021;2243;canal;3184;134;grancolombia5 to essequibo
4021;3781;canal;3184;129;grancolombia5 to guasipati
4021;2276;canal;3184;121;grancolombia5 to tucupita
4021;4020;canal;3184;188;grancolombia5 to grancolombia4
3781;2242;impassable;0;0;guasipati
3781;2275;impassable;0;0;guasipati
3781;4020;impassable;0;0;guasipati
3781;2242;canal;3184;172;guasipati to mahdia
3781;2275;canal;3184;314;guasipati to angostura
3781;4020;canal;3184;315;guasipati to grancolombia4
4072;2300;impassable;0;0;easttarapoto
4072;278;impassable;0;0;easttarapoto
4072;2300;canal;3184;334;easttarapoto to pucallpa
4072;278;canal;3184;127;easttarapoto to pisahua
2283;4070;impassable;0;0;zamora
2283;2282;impassable;0;0;zamora
2283;4011;impassable;0;0;zamora
2283;4012;impassable;0;0;zamora
2284;4070;impassable;0;0;tiwakuna
2283;4070;canal;3184;249;zamora to orienteriver
2283;2282;canal;3184;350;zamora to loja
2283;4011;canal;3184;167;zamora to jaen2
2283;4012;canal;3184;287;zamora to moyobamba2
2284;4070;canal;3184;299;tiwakuna to canelos
4011;2287;impassable;0;0;jaen2
4011;4012;impassable;0;0;jaen2
4011;2287;canal;3184;289;jaen2 to jaen
4011;4012;canal;3184;173;jaen2 to moyobamba2
4012;2294;impassable;0;0;moyobamba2
4012;4071;impassable;0;0;moyobamba2
4012;2294;canal;3184;166;moyobamba2 to moyobamba
4012;4071;canal;3184;382;moyobamba2 to moyobambariver
2288;4071;impassable;0;0;moyobambariver
2288;4071;canal;3184;359;moyobambariver to iquitos
2241;2415;impassable;0;0;cayenne
2241;2415;canal;3184;303;cayenne to brzguiana
4075;2278;impassable;0;0;brzvnzclaim
4075;1977;impassable;0;0;brzvnzclaim
4075;2532;impassable;0;0;brzvnzclaim
4075;2278;canal;3184;326;brzvnzclaim to esmeralda
4075;1977;canal;3184;380;brzvnzclaim to mucajai
4075;2532;canal;3184;333;brzvnzclaim to uraricoera
4088;2242;impassable;0;0;queenstown
4088;2243;impassable;0;0;queenstown
4088;2242;canal;3184;329;queenstown to mahdia
4088;2243;canal;3184;144;queenstown to essequibo
2316;4091;impassable;0;0;santa ana
2293;4091;impassable;0;0;santa ana
2316;4091;canal;3184;154;santa ana to trinidad
2293;4091;canal;3184;198;nociria to trinidad
2317;4005;impassable;0;0;chiquitos
2317;4005;canal;3184;364;chiquitos to worthlesschiquitos
2319;2310;impassable;0;0;ixiamas
2319;2303;impassable;0;0;ixiamas
2319;2310;canal;3184;353;ixiamas to lapaz
2319;2303;canal;3184;254;ixiamas to puno
2296;2300;impassable;0;0;chancha
2296;2300;canal;3184;341;chancha to shipikoni
3988;4092;impassable;0;0;ladario
3988;4092;canal;3184;248;ladario to worthlesschaco
4092;4005;impassable;0;0;worthlesschaco
4092;3380;impassable;0;0;worthlesschaco
4092;4005;canal;3184;244;worthlesschaco to worthlesschiquitos
4092;3380;canal;3184;243;worthlesschaco to corumbá
2293;2320;impassable;0;0;nociria
2293;4006;impassable;0;0;nociria
2293;2319;impassable;0;0;nociria
2293;2320;canal;3184;203;nociria to ignacio
2293;4006;canal;3184;236;nociria to ignacio
2293;2319;canal;3184;242;nociria to ixiamas
4015;3652;impassable;0;0;iquitos
4015;3652;canal;3184;120;iquitos to ngetayate
4072;3557;impassable;0;0;contamana
4072;3557;canal;3184;119;contamana to amawaka
4003;4091;impassable;0;0;qurungua
4003;4091;canal;3184;191;qurungua to concepcion
2317;4092;impassable;0;0;suarez
2317;4092;canal;3184;114;suarez to ibupogi
2459;4108;impassable;0;0;lajes
2465;4108;impassable;0;0;passofundo
2459;4108;canal;3184;152;lajes to newcatarina
2465;4108;canal;3184;143;passofundo to newcatarina
2465;2463;impassable;0;0;passofundo
2465;2464;impassable;0;0;passofundo
2465;4107;impassable;0;0;passofundo
2465;2463;canal;3184;139;passofundo to portoalegre
2465;2464;canal;3184;141;passofundo to newcatarina
2465;4107;canal;3184;137;passofundo to newcatarina
4107;2554;impassable;0;0;newriosul
4107;2466;impassable;0;0;newriosul
4107;2554;canal;3184;138;newriosul to missiones
4107;2466;canal;3184;136;newriosul to santoangelo
2408;4109;impassable;0;0;eruzumna
2408;4109;canal;3184;126;eruzumna to othereruzumna
4110;2421;impassable;0;0;kinikinao
4110;2418;impassable;0;0;kinikinao
4110;2421;canal;3184;110;kinikinao to berohoky
4110;2418;canal;3184;115;kinikinao to cuyavera
2422;4112;impassable;0;0;newgoias
2422;4112;canal;3184;177;newgoias to otherbarra
4113;4112;impassable;0;0;otherbarra
4113;4112;canal;3184;298;otherbarra to otherbarraotherbarra
4112;2438;impassable;0;0;otherbarra
4112;2438;canal;3184;89;otherbarra to barra
2456;2445;impassable;0;0;nyacfateitei
2456;2452;impassable;0;0;nyacfateitei
2456;2445;canal;3184;185;nyacfateitei to uberaba
2456;2452;canal;3184;178;nyacfateitei to campinas
4116;2554;impassable;0;0;santaana
4116;2554;canal;3184;190;santaana to misiones
4115;2419;impassable;0;0;miranda
4115;2419;canal;3184;94;miranda to anhanduhy
2456;2419;impassable;0;0;paranarivers
2453;2419;impassable;0;0;paranarivers
2456;2419;canal;3184;96;paranarivers to opaie
2453;2419;canal;3184;387;paranarivers to arasatyba
4111;2421;impassable;0;0;tiaia
4184;2421;impassable;0;0;tiaia
4111;2419;impassable;0;0;tiaia
4111;2421;canal;3184;133;tiaia to berohoky
4184;2421;canal;3184;168;tiaia to berohoky
4111;2419;canal;3184;396;tiaia to anhanduhy
4115;4110;impassable;0;0;miranda
4115;4110;canal;3184;95;miranda to yuluk
3651;4186;impassable;0;0;miranda
3651;4186;canal;3184;408;miranda to yuluk
4187;3435;impassable;0;0;miranda
4187;3435;canal;3184;409;miranda to yuluk
4187;3381;impassable;0;0;miranda
4187;3381;canal;3184;410;miranda to yuluk
4186;3995;impassable;0;0;teffe
4186;3995;canal;3184;413;teffe to matupiri
4016;4070;impassable;0;0;airopai
4016;4070;canal;3184;411;airopai to archidona
4016;2279;impassable;0;0;airopai
4016;2279;canal;3184;412;airopai to quito
2261;3567;impassable;0;0;brzclaim
2261;3567;canal;3184;360;brzclaim to straightline 
2260;3376;impassable;0;0;korebaju
2260;3376;canal;3184;384;korebaju to naexpliut
4189;3376;impassable;0;0;caqueta
4189;3376;canal;3184;320;caqueta to naexpliut
4188;2257;impassable;0;0;newpasto
4188;2257;canal;3184;414;newpasto to popayan
4188;2263;impassable;0;0;newpasto
4188;2263;canal;3184;415;newpasto to igarzadieta
4189;2260;impassable;0;0;caqueta
4189;2260;canal;3184;324;caqueta to korebaju
4189;4188;impassable;0;0;caqueta
4189;4188;canal;3184;370;caqueta to newpasto
2423;4112;impassable;0;0;vila do palma to acroa
2423;4112;canal;3184;416;vila do palma to acroa
4185;4084;impassable;0;0;boa vista
4185;4084;canal;3184;417;boa vista to acroanim
4184;4084;impassable;0;0;boa vista
4184;4084;canal;3184;258;boa vista to sherente
2375;2309;impassable;0;0;chamba
2375;2309;canal;3184;418;chamba to cobija
2375;2305;impassable;0;0;chamba
2375;2305;canal;3184;419;chamba to paposo
2305;3554;impassable;0;0;paposo
2305;3554;canal;3184;420;paposo to socaire
2305;2370;impassable;0;0;paposo
2305;2370;canal;3184;183;paposo to susquis
2305;4182;impassable;0;0;paposo
2305;4182;canal;3184;318;paposo to canara
4009;2300;impassable;0;0;huancayo
4009;2300;canal;3184;91;huancayo to shipikoni
3749;3979;impassable;0;0;Tucurui
3749;3979;canal;3184;421;Tucurui to gurupa
;;;;;
;;;;;
# The canals;;;;;
#;;;;;
3576;2721;canal;369;1;Kiel Canal
2837;2769;canal;1755;2;Suez Canal
2968;3001;canal;1723;3;Panama Canal
2773;2774;canal;860;4;Bosphorus Strait #Istanbul
2772;2773;canal;859;5;Dardanelles Strait #Gallipoli
2707;2714;canal;994;6;Ladoga Canal
2968;3543;canal;3491;7;San Juan River #San Juan
2715;2714;canal;995;8;Onega Canal
2818;2800;canal;1352;9;Kra Canal
2707;2713;canal;3368;10;Peipsi Canal
2715;3577;canal;988;11;White Sea Canal
3543;3110;canal;3735;12;San Juan River #Juigalpa
301;3314;canal;2724;13;Chunnel
2966;3544;canal;2188;14;Rio Dulce
3576;2711;canal;372;19;Danish Straits #Kopenhagen
3576;2832;canal;372;29;Danish Straits #Kopenhagen
2747;2925;canal;1687;18;Strait of Gibraltar #Tetouan
2747;2746;canal;517;21;Strait of Gibraltar #Gibraltar
2925;2746;canal;517;22;Strait of Gibraltar #Tangier
2776;2777;canal;966;17;Kerch Strait #Kerch
2829;2843;canal;1640;20;Strait of Shimonoseki #Yamaguchi
2753;2760;canal;759;23;Strait of Messina #Calabria
2753;2757;canal;759;27;Strait of Messina #Calabria
2760;2757;canal;763;24;Strait of Messina #Messina
2784;2782;canal;1875;25;Bab el Mandeb #Djibuti
2782;2783;canal;3572;26;Bab el Mandeb #Lahij
2783;2784;canal;3572;36;Bab el Mandeb #Lahij
2831;2839;canal;1087;32;La Perouse Strait #Otomari
3579;2831;canal;1643;33;La Perouse Strait #Ishikara
3579;2839;canal;1643;37;La Perouse Strait #Ishikara
2786;2787;canal;3496;34;Strait of Hormuz #Jiroft
2788;2787;canal;3496;38;Strait of Hormuz #Jiroft
2788;2786;canal;2664;35;Strait of Hormuz #ak-Khasab
2833;2831;canal;1086;30;Tatar Strait #Pogobi
3580;2833;canal;1083;31;Tatar Strait #Boli
3580;2831;canal;1083;39;Tatar Strait #Boli
2793;2794;canal;1322;28;Sri Lanka-India #Acts as an impassable, do not activate
2757;2750;canal;766;15;Strait of Bonifacio #Corsica
2756;2750;canal;473;16;Strait of Bonifacio #Sassari
2756;2757;canal;473;40;Strait of Bonifacio #Sassari
2715;3622;canal;992;41;Belozersky Canal #Belozersk
2826;3546;canal;1539;42;Lake Taihu #Suzhou
2714;3909;canal;339;43;Saimaa Canal
3909;3910;canal;341;44;PÃ¤ijÃ¤nne Canal
3910;3911;canal;347;45;Nasijarv Canal
2892;2843;canal;1664;46;Bungo Channel
2843;2844;canal;1667;47;Kii Chanel
2710;2704;canal;325;48;Gota-Kanal
2806;2813;canal;1413;49;Sunda Strait
2703;2711;canal;330;50;Gota-Kanal
3954;2714;canal;2580;51;Volkhov River
3954;3912;canal;1003;52;Volkhov River
3546;3635;canal;1537;53;Grand Canal
3635;3636;canal;1544;54;Grand Canal
3636;3637;canal;1543;55;Grand Canal
3637;3627;canal;1476;56;Grand Canal
3636;3634;canal;2221;57;Yangtze River
3634;3633;canal;1475;58;Yangtze River
3633;3632;canal;1471;59;Yangtze River
3632;3235;canal;1549;60;Yangtze River
3632;3232;canal;1549;61;Yangtze River
3232;3640;canal;1522;62;Yangtze River
3640;3108;canal;1528;63;Yangtze River
2806;2805;canal;1403;64;Sunda Strait
2805;2813;canal;1403;65;Sunda Strait
3003;3638;canal;2178;66;Tehuantepec Canal
3638;2963;canal;2164;67;Tehuantepec Canal
2819;3626;canal;1383;68;Mekong River
3626;3625;canal;1382;69;Mekong River
3625;3547;canal;1364;70;Mekong River
2706;2708;canal;348;389;Archipelago Sea #Aland
2710;2708;canal;348;390;Archipelago Sea #Aland
2709;2708;canal;348;182;Archipelago Sea #Aland
2722;2868;canal;3753;245;Zuiderzee #Waddeneilanden
2722;2734;canal;3753;294;Zuiderzee #Waddeneilanden
