MULTI_SEL_DESC;§GSHIFT+LMB§! to pick multiple units from current selection.;;§GSHIFT+LMT§!, um mehrere Einheiten in der momentanen Auswahl auszuwählen.;;;;;;;;x;;;;
SM_DETAILS;Details;;Details;;;;;;;;x;;;;
DISBAND_ALL;Disband all selected units;;Alle ausgewählten Einheiten auflösen;;;;;;;;x;;;;
DISBAND_ALL_TITLE;Disband all units;;Alle Einheiten auflösen;;;;;;;;x;;;;
DISBAND_ALL_DESC;Are you sure that you want to §RDISBAND§! §Y$NUM$§! units?;;Seid Ihr sicher, dass Ihr §Y$NUM$§! Einheiten §RAUFLÖSEN§! wollt?;;;;;;;;x;;;;
DATE_DIFF_A;$Y$ years, $M$ months and $D$ days;;$Y$ Jahre, $M$ Monat) und $D$ Tage;;;;;;;;x;;;;
DATE_DIFF_B;$M$ months and $D$ days;;$M$ Monate und $D$ Tage;;;;;;;;x;;;;
DATE_DIFF_C;$D$ days;;$D$ Tage;;;;;;;;x;;;;
torpedo_attacks;Torpedo Attacks;;Torpedo-Angriffe;;;;;;;;x;;;;
TORPEDO_ATTACK;Torpedo Attack;;Torpedo-Angriff;;;;;;;;x;;;;
TORPEDO_ATTACK_DESC;Torpedo attacks do extra damage against larger ships.;;Torpedo-Angriffe richten gegen größere Schiffe mehr Schaden an.;;;;;;;;x;;;;
NAVAL_COMBAT_STACK_PENALTY_DESC;§YCoordination penalty §R$PEN$%§Y caused by poor communication in the fleet, it makes it more difficult for our ships to find targets. Affected by amount of our ships and potential targets.§!;;§YKoordinations-Malus §R$PEN$%§Y, der durch mangelhafte Kommunikation in der Flotte verursacht wird, wodurch es für unsere Schiffe schwieriger ist, Ziele zu finden. Wird durch die Schiffsanzahl und mögliche Ziele beeinflusst.§!;;;;;;;;x;;;;
BP_TAB_CURRENT;Current Plans;;Aktuelle Pläne;;;;;;;;;;x;;
BP_TAB_HISTORICAL;Historical Plans;;Historische Pläne;;;;;;;;;;x;;
BP_TOOL_COLOR_RED;Red;;Rot;;;;;;;;;;x;;
BP_TOOL_COLOR_GREEN;Green;;Grün;;;;;;;;;;x;;
BP_TOOL_COLOR_BLUE;Blue;;Blau;;;;;;;;;;x;;
BP_TOOL_COLOR_YELLOW;Yellow;;Gelb;;;;;;;;;;x;;
BP_TOOL_ARROW_SLIM;Slim Arrow;;Dünner Pfeil;;;;;;;;;;x;;
BP_TOOL_ARROW_MEDIUM_1;Medium Arrow 1;;Mittelgroßer Pfeil 1;;;;;;;;;;x;;
BP_TOOL_ARROW_MEDIUM_2;Medium Arrow 2;;Mittelgroßer Pfeil 2;;;;;;;;;;x;;
BP_TOOL_ARROW_MEDIUM_3;Medium Arrow 3;;Mittelgroßer Pfeil 3;;;;;;;;;;x;;
BP_TOOL_ARROW_THICK;Thick Arrow;;Dicker Pfeil;;;;;;;;;;x;;
BP_TOOL_BORDER_1;Border type 1;;Grenztyp 1;;;;;;;;;;x;;
BP_TOOL_BORDER_2;Border type 2;;Grenztyp 2;;;;;;;;;;x;;
BP_TOOL_BORDER_3;Border type 3;;Grenztyp 3;;;;;;;;;;x;;
BP_TOOL_BORDER_4;Border type 4;;Grenztyp 4;;;;;;;;;;x;;
BP_TOOL_BORDER_5;Border type 5;;Grenztyp 5;;;;;;;;;;x;;
BP_TOOL_ICON_AIRPLANE;Airplane icon;;Flugzeug-Symbol;;;;;;;;;;x;;
BP_TOOL_ICON_TANK;Tank icon;;Panzer-Symbol;;;;;;;;;;x;;
BP_TOOL_ICON_BOMB_1;Small bomb icon;;Kleine Bombe-Symbol;;;;;;;;;;x;;
BP_TOOL_ICON_BOMB_2;Large bomb icon;;Große Bombe-Symbol;;;;;;;;;;x;;
BP_SAVE_PLAN_CONFIRM;Save Plan;;Plan speichern;;;;;;;;;;x;;
BP_SAVE_PLAN_CANCEL;Cancel;;Abbrechen;;;;;;;;;;x;;
BP_SAVE_PLAN_PROMPT;Battle Plan already exists!\nDo you want to overwrite?;;Kriegsplan existiert bereits!\nMöchtest Ihr diesen überschreiben?;;;;;;;;;;x;;
BP_DELETE_SAVED_PLAN_PROMPT;Are you sure that you want to delete the saved battle plan?;;Seid Ihr sicher, dass Ihr den gespeicherten Kriegsplan löschen möchtet?;;;;;;;;;;x;;
BP_DELETE_CURRENT_PLAN_PROMPT;Are you sure that you want to delete the current battle plan?;;Seid Ihr sicher, dass Ihr den aktuellen Kriegsplan löschen möchtet?;;;;;;;;;;x;;
BP_SHARED_WITH;Shared with:;;Geteilt mit:;;;;;;;;;;x;;
BP_NEW_PLAN;New Plan;;Neuer Plan;;;;;;;;;;x;;
BP_TOOLTIP_TAB_CURRENT;List of current battle plans.;;Liste der aktuellen Kriegspläne.;;;;;;;;;;x;;
BP_TOOLTIP_TAB_HISTORICAL;List of historical battle plans.\nClick §YImport§! to add the selected one to your current plans.;;Liste der historischen Kriegspläne.\nKlickt auf §Yimportieren§!, um den ausgewählten Plan zu den Aktuellen hinzuzufügen.;;;;;;;;;;x;;
BP_TOOLTIP_TAB_SAVED;List of your saved battle plans.\nClick §YImport§! to add the selected one to your current plans.;;Liste deiner gespeicherten Kriegspläne.\nKlickt auf §Yimportieren§!, um den ausgewählten Plan zu den Aktuellen hinzuzufügen.;;;;;;;;;;x;;
BP_TOOLTIP_NEW_PLAN;Create new plan.;;Neuen Plan entwerfen.;;;;;;;;;;x;;
BP_TOOLTIP_REMOVE_PLAN;Delete currently selected plan.;;Momentan ausgewählten Plan löschen.;;;;;;;;;;x;;
BP_TOOLTIP_SHARE_PLAN;Toggle §Ysharing§! currently selected plan with your §Gally members§!.;;Schaltet §YTeilen§! des momentan ausgewählten Plans mit Eurem §GAllianz-Mitgliedern§! ein/aus.;;;;;;;;;;x;;
BP_TOOLTIP_SAVE_PLAN;Save currently selected plan to file.;;Momentan ausgewählten Plan in Datei speichern.;;;;;;;;;;x;;
BP_TOOLTIP_RENAME_PLAN;Rename currently selected plan.;;Momentan ausgewählten Plan umbenennen.;;;;;;;;;;x;;
BP_TOOLTIP_IMPORT_PLAN;Add selected plan to your current plans.;;Ausgewählten Plan zu deinen aktuellen Plänen hinzufügen.;;;;;;;;;;x;;
BP_TOOLTIP_TOOL_SELECT;Click on object to select it.;;Auf Objekt klicken, um es auszuwählen.;;;;;;;;;;x;;
BP_TOOLTIP_TOOL_ARROW;Choose arrow type, and draw it on the map with §YLMB§!.\nHold §YShift§! + §YLMB§! to snap your arrow to another one.;;Wählt einen Pfeiltyp aus und zeichnet ihn mithilfe der §YLMT§! auf die Landkarte.\nHaltet §YShift§! + §YLMT§! gedrückt, um Euren Pfeil an einem anderen anzudocken.;;;;;;;;;;x;;
BP_TOOLTIP_TOOL_BORDER;Choose border type, and draw it on the map with §YLMB§!.;;Wählt einen Grenztyp aus und zeichne ihn mithilfe der §YLMT§! auf die Landkarte.;;;;;;;;;;x;;
BP_TOOLTIP_TOOL_ICON;Choose icon type, and draw it on the map with §YLMB§!.\nHold §YShift§! + §YMouse Wheel§! to rotate an icon.;;Wählt einen Symboltyp aus und zeichnt ihn mithilfe der §YLMT§! auf die Landkarte.\nHaltet §YShift§! + §YMausrad§! gedrückt, um das Symbol zu drehen.;;;;;;;;;;x;;
BP_TOOLTIP_TOOL_COLOR;Choose current color to draw arrows and icons.\nAlso applies the color to any currently selected arrow or icon.;;Wähle die aktuelle Farbe aus, um Pfeile und Symbole zu zeichnen.\nDiese Farbe wird auch für jeden momentan ausgewählten Pfeil oder jedes ausgewählte Symbol verwendet.;;;;;;;;;;x;;
BP_TOOLTIP_TOOL_TEXT;Place a text sign on the map.\nIf nothing selected - creates a new text.\nIf an arrow is selected - draws the text on the arrow.\nIf text sign selected - edits the text.\n§YShift§! + §YMouse Wheel§! to rotate the text.\n§YCtrl§! + §YMouse Wheel§! to scale the text.;;Setzt ein Textzeichen auf die Landkarte.\nWenn nichts ausgewählt wird –  Ein neuer Text wird erstellt.\nWenn ein Pfeil ausgewählt wird – Der Text wir auf den Pfeil gezeichnet.\nWenn das Textzeichen ausgewählt wird – der Text wird bearbeitet.\n§YShift§! + §YMausrad§!, um den Text zu drehen.\n§YStrg§! + §YMausrad§!, um den Text zu skalieren.;;;;;;;;;;x;;
BP_TOOLTIP_TOOL_ERASE;Delete selected object.;;Ausgewähltes Objekt löschen.;;;;;;;;;;x;;
BP_TOOLTIP_VISIBILITY;Toggle plan visibility on the map.;;Plansichtbarkeit auf der Landkarte ein-/ausschalten.;;;;;;;;;;x;;
MILITARY_SPENDINGS_LAND;Spending on §YLand§! units:;;Ausgaben für §YLand§!-Einheiten:;;;;;;;;x;;;;
MILITARY_SPENDINGS_NAVAL;Spending on §YNaval§! units:;;Ausgaben für §YMarine§!-Einheiten:;;;;;;;;x;;;;
MILITARY_SPENDINGS_PROJECTS;Spending on §YConstructions§!:;;Ausgaben für §YBauvorhaben§!:;;;;;;;;x;;;;
STOCKPILE_COST_ESTIMATED;We §Yestimate§! tomorrow's stockpile purchases will cost:;;Wir §Yschätzen§!, dass die morgigen Vorrats-Einkäufe folgendes kosten werden:;;;;;;;;x;;;;
STOCKPILE_COST_ACTUAL;Today we §Yactually§! spent on stockpile:;;Heute betrugen die §Ytatsächlichen§! Ausgaben für Vorräte:;;;;;;;;x;;;;
NAVAL_COMBAT_DETAILS_APPROACH;Approaching §Y$WHO$§!. Current distance: §Y$DIST$§!.;;Nähert sich §Y$WHO$§!. Derzeitige Entfernung: §Y$DIST$§!.;;;;;;;;x;;;;
NAVAL_COMBAT_DETAILS_DESTROYED;§RDestroyed§! by §Y$WHO$§!;;§RZerstört§! von §Y$WHO$§!;;;;;;;;x;;;;
NAVAL_COMBAT_DETAILS_DISENGAGED;This unit has managed to disengage, and is no longer a part of the battle.;;Diese Einheit konnte sich zurückziehen und ist nicht länger in den Kampf verwickelt.;;;;;;;;x;;;;
NAVAL_COMBAT_DETAILS_RETREAT;This unit is retreating.;;Diese Einheit befindet sich auf dem Rückzug.;;;;;;;;x;;;;
NAVAL_COMBAT_DETAILS_SEEKING;Searching for best target.;;Suche nach dem besten Ziel.;;;;;;;;x;;;;
NAVAL_COMBAT_DETAILS_SHOOTING;Firing at §Y$WHO$§!.\n- Damage to Organisation §G$ORG$§!\n- Damage to Strength §Y$STR$§!;;Feuert auf §Y$WHO$§!.\n- Schaden an der Organisation §G$ORG$§!\n- Schaden auf Stärke §Y$STR$§!;;;;;;;;x;;;;
NAVAL_COMBAT_DETAILS_FILTERING;Click with §GLMB§! to show all ships that are targetting this ship.;;Klickt mit §GLMT§!, um alle Schiffe zu sehen, die auf dieses Schiff zielen.;;;;;;;;x;;;;
MAPMODE_NAVAL_TOOLTIP_LEVEL;Naval base level §G$LVL$§!;;Marinestützpunkt-Stufe §G$LVL$§!;;;;;;;;x;;;;
MAPMODE_NAVAL_TOOLTIP_NO_BASE;There is not any naval base in this state.;;In diesem Staat befindet sich kein Marinestützpunkt.;;;;;;;;x;;;;
MAPMODE_NAVAL_TOOLTIP_CAP;This province §Ynaval supply throughput§! is §G$CAP$§! of total §G$TOT$§!.;;Der §YMarine-Versorgungsdurchsatz§! dieser Provinz beträgt §G$CAP$§! von insgesamt §G$TOT$§!.;;;;;;;;x;;;;
MAPMODE_NAVAL_TOOLTIP_IN_OTHER;A naval base already exists in this state, in §Y$PROV$§!.;;In diesem Staat gibt es bereits einen Marinestützpunkt in §Y$PROV$§!. ;;;;;;;;x;;;;
MAPMODE_NAVAL_TOOLTIP_UNDER_CON;A naval base is already under construction here.;;Hier befindet sich bereits ein Marinestützpunkt im Bau.;;;;;;;;x;;;;
NAVAL_SUPPLY_PENALTY_DESC;Affected by §Ynaval supply throughput§! penalty of §R$PEN$%§!.;;Beeinflusst durch den §YMarine-Versorgungsdurchsatz§!-Malus von §R$PEN$%§!.;;;;;;;;x;;;;
COMBAT_LEADER_MOD_ATTACK;Leader attack;;Anführer-Angriff;;;;;;;;x;;;;
COMBAT_LEADER_MOD_DEFENSE;Leader defense;;Anführer-Verteidigung;;;;;;;;x;;;;
OCCUPATION_SCORE_ATTACKER;Attacker occupation: ;;Besatzung des Angreifers:;;;;;;;;x;;;;
OCCUPATION_SCORE_DEFENDER;Defender occupation: ;;Besatzung des Verteidigers:;;;;;;;;x;;;;
BLOCKADE_SCORE_ATTACKER;Attacker blockades: ;;Blockaden des Angreifers:;;;;;;;;x;;;;
BLOCKADE_SCORE_DEFENDER;Defender blockades: ;;Blockaden des Verteidigers:;;;;;;;;x;;;;
TICKING_WARSCORE_HEAD;§YScore over time§! bonus §Y$VAL$§!:;;§YWertung über Zeit§!-Bonus §Y$VAL$§!:;;;;;;;;x;;;;
TICKING_WARSCORE_DESC_SCORE;Currently $VAL$ (daily change $CHANGE$).;;Derzeit $VAL$ (tägliche Änderung $CHANGE$).;;;;;;;;x;;;;
TICKING_WARSCORE_DESC_SCORE_MAX;Currently $VAL$ (Max).;;Derzeit $VAL$ (Max).;;;;;;;;x;;;;
TICKING_WARSCORE_DESC_SCORE_SHORT;$VAL$ (daily $CHANGE$).;;$VAL$ (täglich $CHANGE$).;;;;;;;;x;;;;
TICKING_WARSCORE_DESC_SCORE_MAX_SHORT;$VAL$ (Max).;;$VAL$ (Max).;;;;;;;;x;;;;
CB_DESTROY_FORTS;Destroy fortifications;;Zerstört Festungen;;;;;;;;x;;;;
CB_DESTROY_NAVAL_BASES;Destroy naval bases;;Zerstört Marinestützpunkte;;;;;;;;x;;;;
po_destroy_forts;Destroy all forts in $STATE$.;;Zerstört alle Forts in $STATE$.;;;;;;;;x;;;;
po_destroy_naval_bases;Destroy naval base in $STATE$.;;Zersört den Marinestützpunkt in $STATE$ .;;;;;;;;x;;;;
ALL_CORE_PROVINCES;all states with core provinces;;alle Kernprovinzen;;;;;;;;x;;;;
ALL_SATES;all states;;alle Staaten;;;;;;;;x;;;;
dismantle_forts_desc;Dismantle forts and naval bases.;;Reißt Forts und Marinestützpunkte ab.;;;;;;;;x;;;;
dismantle_forts;Dismantle Fortifications;;Reißt Forts ab;;;;;;;;x;;;;
dismantle_forts_short;Dismantle constructions in $STATE$;;Reißt Bauten in $STATE$ ab;;;;;;;;x;;;;
dismantle_forts_setup;Dismantle forts and naval bases in $STATE$;;Reißt Forts und Marinestützpunkte in $STATE$ ab;;;;;;;;x;;;;
liberate_country_desc;Liberate an §Yentire country§W from its oppressors;;Befreit ein §Yganzes Land§W von seinen Unterdrückern;;;;;;;;x;;;;
liberate_country;Liberate Country;;Befreit das Land;;;;;;;;x;;;;
liberate_country_short;$THIRD$ acquires $STATE$;$THIRD$ prend $STATE$;$THIRD$ erwirbt $STATE$;;$THIRD$ adquiere $STATE$;;;;;;;;;x;
liberate_country_setup;Return $STATE$ to $THIRD$ from $RECIPIENT$;Prendre $STATE$ à $RECIPIENT$ pour le rendre à $THIRD$;Gebt $STATE$ an $THIRD$ von $RECIPIENT$ zurück;;Arrebatar el estado de $STATE$ de manos de $RECIPIENT$ y devolvérselo a $THIRD$;;;;;;;;;x;
FIRE_RANGE;Firing Range;;Schussreichweite;;;;;;;;x;;;;
EVASION;Evasion;;Ausweichen;;;;;;;;x;;;;
SORT_BY;Sort by:;;Sortieren nach:;;;;;;;;x;;;;
STANCE;Stance;;Haltung;;;;;;;;x;;;;
STR_ORG;Str/Org;;Stärke/Org.;;;;;;;;x;;;;
SORT_BY_TYPE_DESC;Sort ships by their §Ytype§!.;;Schiffe nach §YTyp§! sortieren.;;;;;;;;x;;;;
SORT_BY_STANCE_DESC;Sort ships by their §Ycurrent action§!.;;Schiffe nach ihrer §Yaktuellen Aktivität§! sortieren.;;;;;;;;x;;;;
SORT_BY_STR_ORG_DESC;Sort ships by their §Yaverage of Strength and Organisation§!.;;Schiffe nach ihrer §Ydurchschnittlichen Stärke und Organisation§! sortieren.;;;;;;;;x;;;;
TARGETED_BY;Targetted by:;;Im Visier von:;;;;;;;;x;;;;
MAY_NOT_RETREAT_NAVAL;It is not possible, nor would it be honorable, to retreat from a battle before we have a complete understanding of our chances.;;Es ist nicht möglich, und auch nicht sonderlich ehrenvoll, den Rückzug von einem Gefecht anzutreten, bevor wir nicht eine vollständige Übersicht über unsere Chancen haben.;;;;;;;;x;;;;
REMAINING_NAVAL_RETREAT;Before we can perform a voluntary retreat, we need to get closer by §Y$OPT$§! to figure out what our chances are.;;Bevor wir einen freiwilligen Rückzug antreten können, müssen wir noch näher an §Y$OPT$§!, um unsere Chancen besser einschätzen zu können.;;;;;;;;x;;;;
NAVAL_COMBAT_STATUS_APPROACH;Approaching;;Herannahend;;;;;;;;x;;;;
NAVAL_COMBAT_STATUS_SEEKING;Seeking target;;Auf Zielsuche;;;;;;;;x;;;;
NAVAL_COMBAT_STATUS_FIRING;Damage §G$ORG$§!/§R$STR$§!;;Schaden §G$ORG$§!/§R$STR$§!;;;;;;;;x;;;;
NAVAL_COMBAT_STATUS_RETREAT;Retreating;;Auf dem Rückzug;;;;;;;;x;;;;
NAVAL_COMBAT_STATUS_DISENGAGED;Disengaged;;Zurückgezogen;;;;;;;;x;;;;
SUPPLY_LOAD;Supplies weight;;Vorratsgewicht;;;;;;;;x;;;;
SUPPLY_LOAD_STATUS_DESC_BASIC;The total §Ysupply throughput§! of all our §Ynaval ports§! is $TOT$.\nAll our ships requires in total $REQ$.;;Der gesamte §YVersorgungsdurchsatz§! all unserer §YMarinehäfen§! beträgt $TOT$.\nAll unsere Schiffe benötigen insgesamt $REQ$.;;;;;;;;x;;;;
SUPPLY_LOAD_STATUS_DESC_PENALTY;Our ships suffer $PEN$ penalty of supplying them.;;Unsere Schiffe erleiden $PEN$ Malus für ihre Versorgung.;;;;;;;;x;;;;
SUPPLY_LOAD_STATUS_DESC_HINT;Consider building naval bases, or disband some ships.;;Überlegt, einige Marinestützpunkte zu bauen, oder entlasst einige Schiffe.;;;;;;;;x;;;;
SUPPLY_LOAD_STATUS_DESC_UPCOMING_PENALTY;New ships are under construction, that will exceed the supply limits by $EXC$.;;Neue Schiffe befinden sich im Bau, dies wird das Versorgungslimit um $EXC$ überschreiten.;;;;;;;;x;;;;
SUPPLY_LOAD_STATUS_DESC_DETAILED_LIST;The following report shows the supply throughput demands:;;Der folgende Bericht zeigt den Versorgungsdurchsatz-Bedarf:;;;;;;;;x;;;;
SHIP_BUILD_MIN_BASE_LEVEL;Requires naval port with level §Y$LVL$§! or greater.;;Benötigt einen Hafen der Stufe §Y$LVL$§! oder höher.;;;;;;;;x;;;;
SHIP_BUILD_LIMIT_PER_BASE;Limited to §Y$LIM$§! units per each port that supports this ship.;;Begrenzt auf §Y$LIM$§! Einheiten pro Hafen, der dieses Schiff versorgt.;;;;;;;;x;;;;
SHIP_BUILD_LIMIT_PER_BASE_HINT;§RConsider building more naval bases of level at least §G$LVL$§R.§!;;§RÜberlegt, weitere Marinestützpunkte mit einer Stufe von mindestens §G$LVL$zu bauen§R.§!;;;;;;;;x;;;;
SHIP_BUILD_LIMIT_MAX;§Y(Limit: $LIM$)§!;;§Y(Limit: $LIM$)§!;;;;;;;;x;;;;
BUILDING_ONE_PER_STATE;Only one per state;;Nur eins pro Staat;;;;;;;;x;;;;
DIPLOMACY_CRISIS_INFO;Crisis;;Konflikte;;;;;;;;x;;;;
CRISIS_CANT_DECLARE_WAR;You can not declare war or be declared war upon if you are involved in a crisis.;;Ihr könnt keinen Krieg erklären oder eine Kriegserklärung erhalten, wenn Ihr Euch in einem Konflikt befindet.;;;;;;;;x;;;;
HAS_FLASHPOINT;Has flashpoint;;Hat einen Unruheherd;;;;;;;;x;;;;
HAS_NO_FLASHPOINT;Has no flashpoint;;Hat keinen Unruheherd;;;;;;;;x;;;;
TENSION_LESS_THAN;Lower flashpoint tension than ;;Niedriger Unruhe-Spannungen als;;;;;;;;x;;;;
TENSION_MORE_THAN;Higher flashpoint tension than ;;Höhere Unruhe-Spannungen als;;;;;;;;x;;;;
CRISIS_TEMPERATURE_LESS_THAN;Lower crisis temperature than ;;Niedrigere Konflikttemperatur als;;;;;;;;x;;;;
CRISIS_TEMPERATURE_MORE_THAN;Higher crisis temperature than ;;Höhere Konflikttemperatur als;;;;;;;;x;;;;
FLASHPOINT_TENSION_EFFECT;$DIRECTION$ $VALUE$ flashpoint tension.\n;;$DIRECTION$ $VALUE$ Unruhe-Spannung.\n;;;;;;;;x;;;;
diplomatic_focus;Diplomacy;;Diplomatie;;;;;;;;x;;;;
increase_tension;Increase tension ;;Spannung erhöhen;;;;;;;;x;;;;
increase_tension_focus_desc;Increase flashpoint tension by about §Y$VAL$§W% each month.;;Erhöht die Unruhe-Spannungen um etwa §Y$VAL$§W% pro Monat.;;;;;;;;x;;;;
NOT_A_FLASHPOINT;§RNot a flashpoint§!;;§RKein Unruheherd§!;;;;;;;;x;;;;
MAPMODE_21;Crises;;Konflikte;;;;;;;;x;;;;
MAPMODE_22;Naval;;Marine;;;;;;;;x;;;;
FLASHPOINT_TENSION;Flashpoint tension: §Y$VALUE$§!%;;Unruhe-Spannungen: §Y$VALUE$§!%;;;;;;;;x;;;;
EXECUTING_HISTORY;Executing History;;Abrufen der Geschichte;;;;;;;;x;;;;
CRISIS_TEMPERATURE;Crisis temperature: §R$VALUE$%§!;;Konflikttemperatur: §R$VALUE$%§!;;;;;;;;x;;;;
HAS_CRISIS;There is a current crisis;;Es gibt momentan einen Konflikt;;;;;;;;x;;;;
HAS_NO_CRISIS;There is no current crisis;;Es gibt momentan keinen Konflikt;;;;;;;;x;;;;
CRISIS_TEMPERATURE_EFFECT;$DIRECTION$ $VALUE$ crisis temperature.\n;;$DIRECTION$ $VALUE$ Konflikttemperatur.\n;;;;;;;;x;;;;
TRIGGER_STATE;Crisis state;;Konflikt-Zustand;;;;;;;;x;;;;
BACKERS_LABEL;Backers:;;Unterstützer:;;;;;;;;x;;;;
SUPPORT_SIDE;Support Side;;Seite unterstützen;;;;;;;;x;;;;
ON_THE_FENCE_LABEL;Still on the fence:;;Noch unentschlossen:;;;;;;;;x;;;;
vacuum_tube;Vacuum Tube;;Vakuumröhre;;;;;;;;;;x,,,;;
vacuum_tube_desc;The vacuum tube (also known as the thermionic valve) is a device that utilizes the flow of current through a vacuum. In a vacuum tube electrons travel via thermionic emission (the Edison Effect) from a hot filament (negative cathode) through the vacuum to a positive electrode (the anode). Additional electrodes were later interposed between the anode and cathode, enabling amplification and switching of signals. Vacuum tubes were essential to the production and commercialization of radio, telephones, TV, radar, and early computers;;Die Vakuumröhre (auch Elektronenröhre genannt) ist ein Gerät, das den Stromfluss durch ein Vakuum ausnutzt. Elektronen reisen in einer Vakuumröhre aufgrund von Glühemission  (dem Edison-Effekt) von einem heißen Glühfaden (der negativen Kathode) durch ein Vakuum zu einer positiven Elektrode (der Anode). Zusätzliche Elektroden wurden später zwischen der Anode und Kathode hinzugefügt und erlaubten die Verstärkung und den Wechsel von Signalen. Vakuumröhren waren ein wesentlicher Bestandteil für die Produktion und Kommerzialisierung von Radios, Telefonen, Fernsehern, Radar und den ersten Computern.;;;;;;;;;;x,,,;;
tulls_seed_drill;Tull's Seed Drill;;Tulls Sämaschine;;;;;;;;;;x,,,,,,,;;
tulls_seed_drill_desc;Up until this era, farmers planted the seeds for cereal crops by carrying the seeds in a bag and walking up and down the field throwing or broadcasting the seed. They broadcast the seed by hand on to the ploughed and harrowed ground. The problem with this method was that it did not give a very even distribution. It was not, therefore, an efficient use of the seed and much of it was wasted. Jethro Tull invented a Seed Drill which could be pulled behind a horse. It consisted of a wheeled vehicle containing a box filled with grain. There was a wheel-driven ratchet that sprayed the seed out evenly as the Seed Drill was pulled across the field.;;Vor dieser Epoche pflanzten Bauern die Saat für Getreide, indem sie diese in einem Beutel über das Feld trugen und ausstreuten oder verteilten. Sie taten dies von Hand auf dem gepflügten und geeggten Feldboden. Das Problem bestand in der ungleichmäßigen Verteilung des Saatguts. Es war daher keine effiziente Verwendung des Saatguts, sondern vielmehr eine Verschwendung. Jethro Tull erfand eine Sämaschine, die von einem Pferd gezogen werden konnte. Es war ein Vehikel auf Rädern mit einer Kiste voll Getreide darin. Eine radbetriebene Schraube verteilte das Saatgut gleichmäßig, wenn das Gefährt über das Feld gezogen wurde.;;;;;;;;;;x,,,,;;
rotherham_plough;Rotherham Plough;;Rotherham-Pflug;;;;;;;;;;x,,,,,,,;;
rotherham_plough_desc;The Rotherham or Yorkshire Plough invented by Disney Stanyforth and Joseph Foljambe was an improvement on the traditional plough. It was constructed of wood like the standard plough but the fittings and coulter (cutting blade) were made of iron and the mouldboard and ploughshare were covered in iron plates. It was lighter than the traditional plough and could be easily worked with a pair of horses.;;Der Rotherham oder Yorkshire Pflug wurde von Disney Stanyforth und Joseph Foljambe als Weiterentwicklung des traditionellen Pflugs erfunden. Er bestand aus Holz wie der Standard-Pflug, doch die Beschläge und das Pflugmesser waren aus Eisen und  das Streichblech und die Pflugschar waren mit Eisen verkleidet. Dieser Pflug war leichter als der traditionelle Pflug und konnte leicht von zwei Pferden gezogen werden.;;;;;;;;;;x,,,,,,,;;
telephone_switchboard;Telephone Switchboard;;Telefon-Zentrale;;;;;;;;;;x,,,;;
telephone_switchboard_desc;The telephone switchboard is a system of electrical components used to connect telephone calls. The first telephone switchboard was invented by Hungarian Tivadar Puskás in 1877 while working for Thomas Edison. Primitive Telephone exchanges were in place for commercial applications by 1881 in the eastern US and western Europe. Telephone exchanges consisted of hundreds of 'plug boards' where a staff of operators manually 'plugged in' calls to route them. Almon Brown Strowger patented the first stepping switch in 1891, which led to automated telephone switching.;;Eine Telefon-Zentrale ist ein System aus elektronischen Komponenten und wird dazu verwendet, Anrufe zu verbinden. Die erste Telefon-Zentrale wurde 1877 von dem Ungarn Tivadar Puskás erfunden, während er für Thomas Edison arbeitete. Erste primitive Fernsprechämter für kommerzielle Einrichtungen bestanden 1881 im Osten der US und im westlichen Europa. Fernsprechämter bestanden aus hunderten von Schalttafeln, an denen Telefonisten manuell Anrufe weiterleiteten und verbanden, indem sie Kabel umstöpselten. Almon Brown Strowger patentierte 1891 den ersten Kippschalter, der zur automatischen Anrufweiterleitung führte.;;;;;;;;;;x,,,;;
BRZ_2446;Minas Gerais;Minas Gerais;Minas Gerais;;Minas Gerais;;;;;;;;;x;
CLM_2259;Cauca;Cauca;Cauca;;Cauca;;;;;;;;;x;
ANN_1371;Tonkin;Tonkin;Tonkin;;Tonkin;;;;;;;;;x;
ANN_1374;Annam;Annam;Annam;;Annam;;;;;;;;;x;
ANN_1383;Cochin China;Cochin China;Cochinchina;;Cochin China;;;;;;;;;x;
LUA_1356;Laos;Laos;Laos;;Laos;;;;;;;;;x;
SIA_1392;Bangkok;Bangkok;Bangkok;;Bangkok;;;;;;;;;x;
SIA_1355;Chiang Mai;Chiang Mai;Chiang Mai;;Chiang Mai;;;;;;;;;x;
SIA_1358;Nakhon Ratchasima;Nakhon Ratchasima;Nakhon Ratchasima;;Nakhon Ratchasima;;;;;;;;;x;
ENG_1384;Malaya;Malaya;Malaya;;Malaya;;;;;;;;;x;
ENG_1343;Tenasserim;Tenasserim;Tenasserim;;Tenasserim;;;;;;;;;x;
BUR_1339;Kachin;Kachin;Kachin;;Kachin;;;;;;;;;x;
BUR_1334;Shan States;Shan States;Shan-Staaten;;Shan States;;;;;;;;;x;
BUR_1330;Pegu;Pegu;Pegu;;Pegu;;;;;;;;;x;
NEP_1327;Himalayas;Himalayas;Himalaya;;Himalayas;;;;;;;;;x;
TIB_1591;Tibet;Tibet;Tibet;;Tibet;;;;;;;;;x;
ENG_1247;Bihar;Bihar;Bihar;;Bihar;;;;;;;;;x;
ENG_1261;Orissa;Orissa;Orissa;;Orissa;;;;;;;;;x;
ENG_1236;United Provinces;United Provinces;Vereinte Provinzen;;United Provinces;;;;;;;;;x;
PAN_1227;Punjab;Punjab;Punjab;;Punjab;;;;;;;;;x;
PAN_1224;Kashmir;Kashmir;Kaschmir;;Kashmir;;;;;;;;;x;
KAL_1221;Baluchistan;Baluchistan;Belutschistan;;Baluchistan;;;;;;;;;x;
SIN_1288;Sind;Sind;Sind;;Sind;;;;;;;;;x;
ENG_1291;Gujarat;Gujarat;Gujarat;;Gujarat;;;;;;;;;x;
ENG_1264;Rajputana;Rajputana;Rajputana;;Rajputana;;;;;;;;;x;
ENG_1275;Central India;Central India;Zentral-Indien;;Central India;;;;;;;;;x;
NAG_1277;Nagpur;Nagpur;Nagpur;;Nagpur;;;;;;;;;x;
ENG_1305;Circars;Circars;Circars;;Circars;;;;;;;;;x;
HYD_1283;Hyderabad;Hyderabad;Hyderabad;;Hyderabad;;;;;;;;;x;
ENG_1297;Bombay;Bombay;Bombay;;Bombay;;;;;;;;;x;
ENG_1304;Madras;Madras;Madras;;Madras;;;;;;;;;x;
MYS_1314;Mysore;Mysore;Mysore;;Mysore;;;;;;;;;x;
ENG_1317;Travancore;Travancore;Travancore;;Travancore;;;;;;;;;x;
ATJ_1405;Aceh;Aceh;Aceh;;Aceh;;;;;;;;;x;
NET_1398;Sumatra;Sumatra;Sumatra;;Sumatra;;;;;;;;;x;
NET_1423;Borneo;Borneo;Borneo;;Borneo;;;;;;;;;x;
NET_1449;Moluccas;Moluccas;Molukken;;Moluccas;;;;;;;;;x;
NET_1451;Western New Guinea;Western New Guinea;West-Neuguinea;;Western New Guinea;;;;;;;;;x;
BAL_1438;Sunda Islands;Sunda Islands;Sundainseln;;Sunda Islands;;;;;;;;;x;
BRU_1394;North Borneo;North Borneo;Nord-Borneo;;North Borneo;;;;;;;;;x;
PER_1141;Laristan-Sistan;Laristan-Sistan;Laristan-Sistan;;Laristan-Sistan;;;;;;;;;x;
PER_1148;Khorasan;Khorasan;Khorasan;;Khorasan;;;;;;;;;x;
PER_1138;Khuzestan;Khuzestan;Chuzestan;;Khuzestan;;;;;;;;;x;
PER_1135;Fars-Kerman;Fars-Kerman;Fars-Kerman;;Fars-Kerman;;;;;;;;;x;
PER_1127;Isfahan;Isfahan;Isfahan;;Isfahan;;;;;;;;;x;
PER_1116;Gilan-Mazandaran;Gilan-Mazandaran;Gilan-Mazandaran;;Gilan-Mazandaran;;;;;;;;;x;
PER_1121;Irakajemi;Irakajemi;Irakajemi;;Irakajemi;;;;;;;;;x;
PER_1112;Tabriz;Tabriz;Täbris;;Tabriz;;;;;;;;;x;
PER_1122;Luristan;Luristan;Luristan;;Luristan;;;;;;;;;x;
AFG_1214;Western Afghanistan;Western Afghanistan;West-Afghanistan;;Western Afghanistan;;;;;;;;;x;
AFG_1217;Eastern Afghanistan;Eastern Afghanistan;Ost-Afghanistan;;Eastern Afghanistan;;;;;;;;;x;
RUS_1196;Turkmenia;Turkmenia;Turkmenistan;;Turkmenia;;;;;;;;;x;
KHI_1191;Uzbekia;Uzbekia;Uzbekia;;Uzbekia;;;;;;;;;x;
BUK_1207;Tajikistan;Tajikistan;Tadschikistan;;Tajikistan;;;;;;;;;x;
KOK_1190;Kirghizia;Kirghizia;Kirghizia;;Kirghizia;;;;;;;;;x;
RUS_1182;Uralsk;Uralsk;Oral;;Uralsk;;;;;;;;;x;
RUS_1184;Akmolinsk;Akmolinsk;Akmolinsk;;Akmolinsk;;;;;;;;;x;
RUS_1185;Semireche;Semireche;Siebenstromland;;Semireche;;;;;;;;;x;
CHI_1532;Inner Mongolia;Inner Mongolia;Innere Mongolei;;Inner Mongolia;;;;;;;;;x;
CHI_1578;Sichuan;Sichuan;Sichuan;;Sichuan;;;;;;;;;x;
CHI_1581;Chongqing;Chongqing;Chongqing;;Chongqing;;;;;;;;;x;
CHI_1494;Shaozhou;Shaozhou;Shaozhou;;Shaozhou;;;;;;;;;x;
CHI_1550;Jiangxi;Jiangxi;Jiangxi;;Jiangxi;;;;;;;;;x;
CHI_1487;Fujian;Fujian;Fujian;;Fujian;;;;;;;;;x;
CHI_1611;Zhejiang;Zhejiang;Zhejiang;;Zhejiang;;;;;;;;;x;
CHI_1473;Southern Anhui;Southern Anhui;Süd-Anhui;;Southern Anhui;;;;;;;;;x;
CHI_1516;Eastern Hubei;Eastern Hubei;Ost-Hubei;;Eastern Hubei;;;;;;;;;x;
CHI_1523;Western Hubei;Western Hubei;West-Hubei;;Western Hubei;;;;;;;;;x;
CHI_1513;Henan;Henan;Henan;;Henan;;;;;;;;;x;
CHI_1472;Northern Anhui;Northern Anhui;Nord-Anhui;;Northern Anhui;;;;;;;;;x;
CHI_1476;Jiangsu;Jiangsu;Jiangsu;;Jiangsu;;;;;;;;;x;
CHI_1539;Suzhou;Suzhou;Suzhou;;Suzhou;;;;;;;;;x;
CHI_1563;Shandong;Shandong;Shandong;;Shandong;;;;;;;;;x;
CHI_1614;Southern Zhili;Southern Zhili;Süd-Zhili;;Southern Zhili;;;;;;;;;x;
CHI_1618;Northern Zhili;Northern Zhili;Nord-Zhili;;Northern Zhili;;;;;;;;;x;
CHI_1553;Manchuria;Manchuria;Mandschurei;;Manchuria;;;;;;;;;x;
CHI_1082;Outer Manchuria;Outer Manchuria;Äußere Mandschurei;;Outer Manchuria;;;;;;;;;x;
CHI_1086;Sakhalin;Sakhalin;Sachalin;;Sakhalin;;;;;;;;;x;
KOR_1624;Seoul;Seoul;Seoul;;Seoul;;;;;;;;;x;
KOR_1635;Busan;Busan;Busan;;Busan;;;;;;;;;x;
KOR_1627;Sariwon;Sariwon;Sariwon;;Sariwon;;;;;;;;;x;
KOR_1619;Pyongyang;Pyongyang;Pjöngjang;;Pyongyang;;;;;;;;;x;
JAP_1660;Kyushu;Kyushu;Kyushu;;Kyushu;;;;;;;;;x;
JAP_1640;Chugoku-Shikoku;Chugoku-Shikoku;Chugoku-Shikoku;;Chugoku-Shikoku;;;;;;;;;x;
JAP_1655;Kansai;Kansai;Kansai;;Kansai;;;;;;;;;x;
JAP_1675;Chubu;Chubu;Chubu;;Chubu;;;;;;;;;x;
JAP_1649;Kanto;Kanto;Kanto;;Kanto;;;;;;;;;x;
JAP_1654;Bonin Islands;Bonin Islands;Bonininseln;;Bonin Islands;;;;;;;;;x;
JAP_1672;Tohoku;Tohoku;Tohoku;;Tohoku;;;;;;;;;x;
JAP_1088;Hokkaido;Hokkaido;Hokkaido;;Hokkaido;;;;;;;;;x;
RUS_2685;Ural;Ural;Ural;;Ural;;;;;;;;;x;
RUS_1065;Ob;Ob;Ob;;Ob;;;;;;;;;x;
RUS_1064;Tobolsk;Tobolsk;Tobolsk;;Tobolsk;;;;;;;;;x;
RUS_1469;Tomsk;Tomsk;Tomsk;;Tomsk;;;;;;;;;x;
RUS_2615;Lower Yeniseysk;Lower Yeniseysk;Unter-Jenisseisk;;Lower Yeniseysk;;;;;;;;;x;
RUS_1070;Upper Yeniseysk;Upper Yeniseysk;Ober-Jenisseisk;;Upper Yeniseysk;;;;;;;;;x;
RUS_1075;Irkutsk;Irkutsk;Irkutsk;;Irkutsk;;;;;;;;;x;
RUS_1079;Trans-Baikal;Trans-Baikal;Transbaikal;;Trans-Baikal;;;;;;;;;x;
RUS_2694;Middle Siberia;Middle Siberia;Mittel-Sibirien;;Middle Siberia;;;;;;;;;x;
RUS_1069;West Yakutsk;West Yakutsk;West Yakutsk;;West Yakutsk;;;;;;;;;x;
RUS_2653;North Siberia;North Siberia;Nord-Sibirien;;North Siberia;;;;;;;;;x;
RUS_1071;Yakutsk;Yakutsk;Yakutsk;;Yakutsk;;;;;;;;;x;
RUS_1072;Okhotsk;Okhotsk;Okhotsk;;Okhotsk;;;;;;;;;x;
RUS_2668;North Yakutsk;North Yakutsk;Nord-Yakutsk;;North Yakutsk;;;;;;;;;x;
RUS_2618;Upper Okhotsk;Upper Okhotsk;Ober-Okhotsk;;Upper Okhotsk;;;;;;;;;x;
RUS_2621;Inner Chukotka;Yakutsk;Yakutsk;;Yakutsk;;;;;;;;;x;
RUS_1074;Kamchatka;Kamchatka;Kamtschatka;;Kamchatka;;;;;;;;;x;
RUS_2590;Coastal Chukotka;Coastal Chukotka;Küste von Tschuktschen;;Coastal Chukotka;;;;;;;;;x;
TUR_885;Kars;Kars;Kars;;Kars;;;;;;;;;x;
TUR_884;Trabzon;Trabzon;Trabzon;;Trabzon;;;;;;;;;x;
TUR_889;Diyarbakir-Van;Diyarbakir-Van;Diyarbakir-Van;;Diyarbakir-Van;;;;;;;;;x;
TUR_876;Ankara;Ankara;Ankara;;Ankara and Adana;;;;;;;;;x;
TUR_873;Konya;Konya;Konya;;Konya;;;;;;;;;x;
TUR_881;Adana;Adana;Adana;;Adana;;;;;;;;;x;
TUR_869;Aydin;Aydin;Aydin;;Aydin;;;;;;;;;x;
TUR_863;Hudavendigar;Hudavendigar;Hüdavendigar;;Hudavendigar;;;;;;;;;x;
TUR_923;Mosul;Mosul;Mosul;;Mosul;;;;;;;;;x;
TUR_931;Baghdad;Baghdad;Baghdad;;Baghdad;;;;;;;;;x;
TUR_935;Basra;Basra;Basra;;Basra;;;;;;;;;x;
EGY_897;Syria;Syria;Syria;;Syria;;;;;;;;;x;
EGY_910;Transjordan;Transjordan;Transjordanien;;Transjordan;;;;;;;;;x;
EGY_903;Chernigov;Chernigov;Chernigov;;Chernigov;;;;;;;;;x;
NEJ_1156;Hail;Hail;Ha'il;;Hail;;;;;;;;;x;
NEJ_1157;Nejd;Nejd;Nadschd;;Nejd;;;;;;;;;x;
EGY_1746;Sinai;Sinai;Sinai;;Sinai;;;;;;;;;x;
EGY_1750;Lower Egypt;Basse Égypte;Unter-Ägypten;;Lower Egypt;;;;;;;;;x;
EGY_1762;Middle Egypt;Égypte Moyenne;Mittel-Ägypten;;Middle Egypt;;;;;;;;;x;
EGY_1771;Upper Egypt;Basse Égypte;Unter-Ägypten;;Upper Egypt;;;;;;;;;x;
EGY_1753;Matruh;Matruh;Matruh;;Matruh;;;;;;;;;x;
EGY_1758;Egyptian Desert;Egyptian Desert;Ägyptische Wüste;;Egyptian Desert;;;;;;;;;x;
EGY_1834;Dongola;Dongolah;Dunqula;;Dongola;;;;;;;;;x;
EGY_1827;Sudan;Soudan;Sudan;;Sudan;;;;;;;;;x;
ENG_1843;Equatoria; Region Équateur;Äquatoria;;Equatoria;;;;;;;;;x;
ENG_1848;Eritrea;L'Érythrée;Eritrea;;Eritrea;;;;;;;;;x;
ETH_1854;Gonder-Tigray;Gonder-Tigray;Gonder-Tigray;;Gonder-Tigray;;;;;;;;;x;
ETH_1864;Amhara;Amhara;Amhara;;Amhara;;;;;;;;;x;
ETH_1867;Oromia;Oromia;Oromia;;Oromia;;;;;;;;;x;
ALD_1708;Constantine;Constantine;Constantine;;Constantine;;;;;;;;;x;
FRA_1700;Algiers;Alger;Algier;;Algiers;;;;;;;;;x;
ALD_1704;Tlemcen;Tlemcen;Tlemcen;;Tlemcen;;;;;;;;;x;
MOR_1688;al Rif;al Rif;Al Rif;;al Rif;;;;;;;;;x;
MOR_1686;Fez;Fez;Fès;;Fez;;;;;;;;;x;
MOR_1693;Morocco;Maroc;Marokko;;Morocco;;;;;;;;;x;
FRA_1803;Timbuktu;Timbuktu;Timbuktu;;Timbuktu;;;;;;;;;x;
FRA_1798;Eastern Mali;Mali orientale;Ost-Mali;;Eastern Mali;;;;;;;;;x;
FRA_1801;Western Mali;Mali ouest;West-Mali;;Western Mali;;;;;;;;;x;
FRA_1901;Volta;Volta;Volta;;Volta;;;;;;;;;x;
FRA_1808;Outer Hausaland;Outer Hausaland;Äußeres Hausaland;;Outer Hausaland;;;;;;;;;x;
FRA_1923;Yoruba States;Yoruba States;Yoruba-Staaten;;Yoruba States;;;;;;;;;x;
FRA_1927;Hausaland;Hausaland;Hausaland;;Hausaland;;;;;;;;;x;
FRA_1939;East Hausaland;East Hausaland;Ost-Hausaland;;East Hausaland;;;;;;;;;x;
FRA_1930;Benin;Benin;Benin;;Benin;;;;;;;;;x;
FRA_1931;Niger Delta;Niger Delta;Niger-Delta;;Niger Delta;;;;;;;;;x;
FRA_1937;Nigeria;Nigeria;Nigeria;;Nigeria;;;;;;;;;x;
FRA_1816;Bornu;Bornou;Bornu;;Bornu;;;;;;;;;x;
ENG_1825;Chad;Tchad;Tschad;;Chad;;;;;;;;;x;
ENG_1818;Waddai;Ouaddai;Waddai;;Waddai;;;;;;;;;x;
FRA_1965;Ubangi-Shari;Oubangi-Chari;Ubangi-Schari;;Ubangi-Shari;;;;;;;;;x;
ENG_2029;Zanzibar;Zanzibar;Sansibar;;Zanzibar;;;;;;;;;x;
ENG_2034;Tanganyika;Tanzanie;Tanganjika;;Tanganyika;;;;;;;;;x;
ENG_2039;Lindi;Lindi;Lindi;;Lindi;;;;;;;;;x;
ENG_2016;Kazembe;Kazembe;Kazembe;;Kazembe;;;;;;;;;x;
POR_2053;Zambezia;Zambezia;Zambezia;;Zambezia;;;;;;;;;x;
POR_2049;Lourenço Marques;Lourenço Marques;Lourenço Marques;;Lourenço Marques;;;;;;;;;x;
ZUL_2113;Natal-Zululand;Natal-Zululand;Natal-Zululand;;Natal-Zululand;;;;;;;;;x;
ENG_2078;Hereroland;Hereroland;Hereroland;;Hereroland;;;;;;;;;x;
ENG_2132;South Atlantic Islands;South Atlantic Islands;Südatlantische Inseln;;South Atlantic Islands;;;;;;;;;x;
ENG_2125;Indian Ocean Territory;Territoire de l'océan Indien;Territorium im Indischen Ozean;;Indian Ocean Territory;;;;;;;;;x;
MAD_2117;South Madagascar;Sud de Madagascar;Süd-Madagaskar;;South Madagascar;;;;;;;;;x;
MAD_2121;North Madagascar;Du Nord de Madagascar;Nord-Madagaskar;;North Madagascar;;;;;;;;;x;
sioux_nation_title;Sioux Nation;Nation Sioux;Sioux-Nation;;Nación Sioux;;;;;;;;;x;
sioux_nation_name;Sioux Nation;Nation Sioux;Sioux-Nation;;Nación Sioux;;;;;;;;;x;
sioux_nation_desc;The Sioux Nation rises to defend their ancestral lands from the encroachment of American settlers and soldiers. They are angered by broken promises from Washington, and will fight fiercely to halt the colonization of the West.;;Die Sioux-Nation erhebt sich und verteidigt das Land ihrer Vorfahren gegen das Vordringen der amerikanischen Siedler und Soldaten. Die gebrochenen Versprechen Washingtons befeuern ihren Zorn und sie werden entschlossen kämpfen, um die Kolonisation des Westens aufzuhalten.;;;;;;;;;;;x;
sioux_nation_army;Sioux War Party;Groupe de guerriers Sioux;Sioux-Kriegspartei;;Parte de guerra Sioux;;;;;;;;;x;
apache_title;Apache;Apache;Apache;;Apache;;;;;;;;;x;
apache_name;Apache;Apache;Apache;;Apache;;;;;;;;;x;
apache_desc;The Apache rise to defend their ancestral lands from the encroachment of American settlers and soldiers. They are angered by broken promises from Washington, and will fight fiercely to halt the colonization of the West.;;Die Apachen erheben sich und verteidigen das Land ihrer Vorfahren gegen das Vordringen der amerikanischen Siedler und Soldaten. Die gebrochenen Versprechen Washingtons befeuern ihren Zorn und sie werden entschlossen kämpfen, um die Kolonisation des Westens aufzuhalten.;;;;;;;;;;;x;
apache_army;Apache War Party;Expédition guerrière Apache;Apache-Kriegspartei;;Parte de guerra Apache;;;;;;;;;x;
EVTNAME160001;The Taiping Rebellion;;Die Taiping-Rebellion;;;;;;;;;;;x;
EVTDESC160001;A great rebellion has sundered all under Heaven!;;Eine große Rebellion hat alle unter den Weiten des Himmels aufgespalten.;;;;;;;;;;;x;
EVTOPTA160001;Crush them!;;Vernichtet sie!;;;;;;;;;;;x;
EVTOPTB160001;Out with the Manchu!;;Weg mit den Manchu!;;;;;;;;;;;x;
EVTNAME160502;Anti-Manchu feeling;;Anti-Manchu Bewegung;;;;;;;;;;;x;
EVTDESC160502;Emperor, our officials have detected growing levels of discontent and even hostility towards our Dynasty. This feeling is enflamed by the humiliating presence of the foreign devils in our cities and harbors. How shall we respond?;;Herrscher, die Offiziellen berichten von einer wachsenden Welle des Unfriedens und sogar der Feindschaft gegen unsere Dynastie. Dieses Gefühl wird noch verstärkt durch die Anwesenheit der fremden Teufel in unseren Städten und Häfen. Wie sollen wir darauf reagieren?;;;;;;;;;;;x;
EVTOPTA160502;A show of force should deal with this.;;Eine Demonstration unserer Macht sollte helfen.;;;;;;;;;;;x;
EVTOPTB160502;Do not waste my time with this nonsense!;;Verschwendet meine Zeit nicht mit diesem Unfug!;;;;;;;;;;;x;
EVTNAME90902;The Breakup of China;;Der Zerfall Chinas;;;;;;;;;;;x;
EVTDESC90902;China has fractured.;;China bricht auseinander.;;;;;;;;;;;x;
EVTOPTA90902;Freedom!;;Freiheit!;;;;;;;;;;;x;
EVTNAME90040;The Sepoy Rebellion;;Der Sepoyaufstand;;;;;;;;;;;x;
EVTDESC90040;India has risen in rebellion!;;Indien erhebt sich in Rebellion!;;;;;;;;;;;x;
EVTOPTA90040;This could mean trouble.;;Das bedeutet Ärger.;;;;;;;;;;;x;
CRISIS_DESCRIPTION_LIBERATION;Crisis over the liberation of $COUNTRY$.;;Konflikt um die Befreiung von $COUNTRY$.;;;;;;;;x;;;;
CRISIS_DESCRIPTION_RECLAIM;Crisis over the return of $COUNTRY$'s rightful territories.;;Konflikt um die Rückgewinnung rechtmäßiger Gebiete von $COUNTRY$.;;;;;;;;x;;;;
CRISIS_ALREADY_TAKEN_SIDE;Already chosen a side;;Bereits eine Seite gewählt;;;;;;;;;;;x;
CRISIS_WAITING_ON_BACKER;Waiting on Great Power Backer;;Wartet auf die Unterstützung der Großmacht;;;;;;;;;;;x;
MUST_BE_CRISIS_SIDE_LEADER;Must be leader of a side in the crisis;;Muss ein Anführer einer Seite in dem Konflikt sein;;;;;;;;;;;x;
CRISIS_ALREADY_TAKEN_SIDE;Already taken side;;Bereits auf eine Seite geschlagen;;;;;;;;;;;x;
CRISIS_OFFERTITLE;Make Offer;;Macht ein Angebot;;;;;;;;;;;x;
CRISIS_OFFER_OFFER;$ACTOR$ offer §Y$WARGOAL$§! to join their side in the current crisis.;;$ACTOR$ bietet §Y$WARGOAL$§!, um sich ihrer Seite in dem momentanen Konflikt anzuschließen.;;;;;;;;;;;x;
CRISIS_OFFER_WE_ACCEPT_SETUP;When we accept joining a side of a crisis;;Wenn wir zustimmen, uns in einem Konflikt einer Seite anzuschließen;;;;;;;;;;;x;
CRISIS_OFFER_WE_ACCEPT_HEADER;The Foreign Minister reports;Le ministre des Affaires étrangères indique :;Der Außenminister berichtet;;El ministro de Exteriores informa;;;;;;;;;x ;
CRISIS_OFFER_WE_ACCEPT_1;$MONARCHTITLE$;$MONARCHTITLE$;$MONARCHTITLE$;;$MONARCHTITLE$;;;;;;;;;x ;
CRISIS_OFFER_WE_ACCEPT_2;We have joined $ACTOR$ in the current crisis with the following offer:;;Wir haben uns $ACTOR$ im aktuellen Konflikt mit folgendem Angebot angeschlossen:;;;;;;;x;;;;;
CRISIS_OFFER_WE_ACCEPT_3;$WARGOAL$;§Y$WARGOAL$§W;$WARGOAL$;;$WARGOAL$;;;;;;;;;x;
CRISIS_OFFER_WE_ACCEPT_4;*;*;*;*;*;*;*;;;;;;;x;
CRISIS_OFFER_WE_ACCEPT_5;*;*;*;*;*;*;*;;;;;;;x;
CRISIS_OFFER_WE_ACCEPT_6;*;*;*;*;*;*;*;;;;;;;x;
CRISIS_OFFER_WE_ACCEPT_BTN1;OK;D'accord;OK;OK;OK;Aceptar;OK;Rendben;OK;;;;;;x
CRISIS_OFFER_WE_ACCEPT_BTN2;OK;D'accord;OK;OK;OK;Aceptar;OK;Rendben;OK;;;;;;x
CRISIS_OFFER_WE_ACCEPT_BTN3;Go to;Voir;Geht zu;IdŸ do;Ir allí;Andare;Ugrás;Pøejít na;;;;;;x;
CRISIS_OFFER_WE_ACCEPT_LOG;We joined the current crisis;;Wir sind dem aktuellen Konflikt beigetreten;;;;;;;;;;;x;
CRISIS_OFFER_THEY_ACCEPT_SETUP;When someone accepts joining our side in a crisis;;Wenn jemand zustimmt, unsere Seite in einem Konflikt zu unterstützen;;;;;;;;;;;x;
CRISIS_OFFER_THEY_ACCEPT_HEADER;The Foreign Minister reports;Le ministre des Affaires étrangères indique :;Der Außenminister berichtet;;El ministro de Exteriores informa;;;;;;;;;x ;
CRISIS_OFFER_THEY_ACCEPT_1;$MONARCHTITLE$;$MONARCHTITLE$;$MONARCHTITLE$;;$MONARCHTITLE$;;;;;;;;;x ;
CRISIS_OFFER_THEY_ACCEPT_2;We have joined $RECIPIENT$ in the current crisis with the following offer:;;Wir haben uns $RECIPIENT$ im aktuellen Konflikt mit folgendem Angebot angeschlossen:;;;;;;;x;;;;;
CRISIS_OFFER_THEY_ACCEPT_3;$WARGOAL$;§Y$WARGOAL$§W;$WARGOAL$;;$WARGOAL$;;;;;;;;;x ;
CRISIS_OFFER_THEY_ACCEPT_4;*;*;*;*;*;*;*;;;;;;;x;
CRISIS_OFFER_THEY_ACCEPT_5;*;*;*;*;*;*;*;;;;;;;x;
CRISIS_OFFER_THEY_ACCEPT_6;*;*;*;*;*;*;*;;;;;;;x;
CRISIS_OFFER_THEY_ACCEPT_BTN1;OK;D'accord;OK;OK;OK;Aceptar;OK;Rendben;OK;;;;;;x
CRISIS_OFFER_THEY_ACCEPT_BTN2;OK;D'accord;OK;OK;OK;Aceptar;OK;Rendben;OK;;;;;;x
CRISIS_OFFER_THEY_ACCEPT_BTN3;Go to;Voir;Geht zu;IdŸ do;Ir allí;Andare;Ugrás;Pøejít na;;;;;;x;
CRISIS_OFFER_THEY_ACCEPT_LOG;$RECIPIENT$ joined us in the current crisis.;;$RECIPIENT$ unterstützt uns im aktuellen Konflikt.;;;;;;;;;;;x;
CRISIS_OFFER_OTHER_ACCEPT_SETUP;When someone joins the side of a crisis;;Wenn jemand die im Konflikt befindliche Seite unterstützt;;;;;;;;;;;x;
CRISIS_OFFER_OTHER_ACCEPT_HEADER;The Foreign Minister reports;Le ministre des Affaires étrangères indique :;Der Außenminister berichtet;;El ministro de Exteriores informa;;;;;;;;;x ;
CRISIS_OFFER_OTHER_ACCEPT_1;$MONARCHTITLE$;$MONARCHTITLE$;$MONARCHTITLE$;;$MONARCHTITLE$;;;;;;;;;x ;
CRISIS_OFFER_OTHER_ACCEPT_2;Trouble is brewing;;Ungemach droht;;;;;;;;;;;x;
CRISIS_OFFER_OTHER_ACCEPT_3;It seems that $RECIPIENT$;;Es scheint, dass $RECIPIENT$;;;;;;;;;;;x;
CRISIS_OFFER_OTHER_ACCEPT_4;has decided to join the current crisis;;sich dazu entschlossen hat, dem aktuellen Konflikt;;;;;;;;;;;x;
CRISIS_OFFER_OTHER_ACCEPT_5;on the side of $ACTOR$;;auf der Seite von $ACTOR$ anzuschließen;;;;;;;;;;;x;
CRISIS_OFFER_OTHER_ACCEPT_6;*;*;*;*;*;*;*;;;;;;;x;
CRISIS_OFFER_OTHER_ACCEPT_BTN1;OK;D'accord;OK;OK;OK;Aceptar;OK;Rendben;OK;;;;;;x
CRISIS_OFFER_OTHER_ACCEPT_BTN2;OK;D'accord;OK;OK;OK;Aceptar;OK;Rendben;OK;;;;;;x
CRISIS_OFFER_OTHER_ACCEPT_BTN3;Go to;Voir;Geht zu;IdŸ do;Ir allí;Andare;Ugrás;Pøejít na;;;;;;x;
CRISIS_OFFER_OTHER_ACCEPT_LOG;$RECIPIENT$ joined in the current crisis.;;$RECIPIENT$ schließt sich dem aktuellen Konflikt an.;;;;;;;;;;;x;
CRISIS_OFFER_WE_DECLINE_SETUP;When we decline to join a side in a crisis;;Wenn wir es ablehnen, uns in diesem Konflikt einer Seite anzuschließen;;;;;;;;;;;x;
CRISIS_OFFER_WE_DECLINE_HEADER;The Foreign Minister reports;Le ministre des Affaires étrangères indique :;Der Außenminister berichtet;;El ministro de Exteriores informa;;;;;;;;;x ;
CRISIS_OFFER_WE_DECLINE_1;$MONARCHTITLE$;$MONARCHTITLE$;$MONARCHTITLE$;;$MONARCHTITLE$;;;;;;;;;x ;
CRISIS_OFFER_WE_DECLINE_2;We have declined to join $ACTOR$ in the current crisis;;Wir haben es abgelehnt, $ACTOR$ im aktuellen Konflikt zu unterstützen;;;;;;;x;;;;;
CRISIS_OFFER_WE_DECLINE_3;*;*;*;*;*;*;*;;;;;;;x;
CRISIS_OFFER_WE_DECLINE_4;*;*;*;*;*;*;*;;;;;;;x;
CRISIS_OFFER_WE_DECLINE_5;*;*;*;*;*;*;*;;;;;;;x;
CRISIS_OFFER_WE_DECLINE_6;*;*;*;*;*;*;*;;;;;;;x;
CRISIS_OFFER_WE_DECLINE_BTN1;OK;D'accord;OK;OK;OK;Aceptar;OK;Rendben;OK;;;;;;x
CRISIS_OFFER_WE_DECLINE_BTN2;OK;D'accord;OK;OK;OK;Aceptar;OK;Rendben;OK;;;;;;x
CRISIS_OFFER_WE_DECLINE_BTN3;Go to;Voir;Geht zu;IdŸ do;Ir allí;Andare;Ugrás;Pøejít na;;;;;;x;
CRISIS_OFFER_WE_DECLINE_LOG;We declined to join the current crisis;;Wir haben es abgelehnt, uns dem aktuellen Konflikt anzuschließen;;;;;;;;;;;x;
CRISIS_OFFER_THEY_DECLINE_SETUP;When someone declines to join our side in a crisis;;Wenn es jemand ablehnt, unsere Seite in einem Konflikt zu unterstützen;;;;;;;;;;;x;
CRISIS_OFFER_THEY_DECLINE_HEADER;The Foreign Minister reports;Le ministre des Affaires étrangères indique :;Der Außenminister berichtet;;El ministro de Exteriores informa;;;;;;;;;x ;
CRISIS_OFFER_THEY_DECLINE_1;$MONARCHTITLE$;$MONARCHTITLE$;$MONARCHTITLE$;;$MONARCHTITLE$;;;;;;;;;x ;
CRISIS_OFFER_THEY_DECLINE_2;$RECIPIENT$ declined to join talks over the current crisis.;;$RECIPIENT$ hat den Beitritt zu Gesprächen über den aktuellen Konflikt abgelehnt.;;;;;;;;;;;x;
CRISIS_OFFER_THEY_DECLINE_3;*;*;*;*;*;*;*;;;;;;;x;
CRISIS_OFFER_THEY_DECLINE_4;*;*;*;*;*;*;*;;;;;;;x;
CRISIS_OFFER_THEY_DECLINE_5;*;*;*;*;*;*;*;;;;;;;x;
CRISIS_OFFER_THEY_DECLINE_6;*;*;*;*;*;*;*;;;;;;;x;
CRISIS_OFFER_THEY_DECLINE_BTN1;OK;D'accord;OK;OK;OK;Aceptar;OK;Rendben;OK;;;;;;x
CRISIS_OFFER_THEY_DECLINE_BTN2;OK;D'accord;OK;OK;OK;Aceptar;OK;Rendben;OK;;;;;;x
CRISIS_OFFER_THEY_DECLINE_BTN3;Go to;Voir;Geht zu;IdŸ do;Ir allí;Andare;Ugrás;Pøejít na;;;;;;x;
CRISIS_OFFER_THEY_DECLINE_LOG;$RECIPIENT$ declined to join the current crisis.;;$RECIPIENT$ hat es abgelehnt, sich dem aktuellen Konflikt anzuschließen.;;;;;;;;;;;x;
CRISIS_OFFER_OTHER_DECLINE_SETUP;When someone declines the side of a crisis;;Wenn es jemand ablehnt, die in einem Konflikt befindliche Seite zu wählen;;;;;;;;;;;x;
CRISIS_OFFER_OTHER_DECLINE_HEADER;The Foreign Minister reports;Le ministre des Affaires étrangères indique :;Der Außenminister berichtet;;El ministro de Exteriores informa;;;;;;;;;x ;
CRISIS_OFFER_OTHER_DECLINE_1;$MONARCHTITLE$;$MONARCHTITLE$;$MONARCHTITLE$;;$MONARCHTITLE$;;;;;;;;;x ;
CRISIS_OFFER_OTHER_DECLINE_2;Things don't seem to be escalating yet.;;Die Dinge scheinen noch nicht außer Kontrolle zu sein.;;;;;;;;;;;x;
CRISIS_OFFER_OTHER_DECLINE_3;It seems that $RECIPIENT$;;Es scheint, dass $RECIPIENT$;;;;;;;;;;;x;
CRISIS_OFFER_OTHER_DECLINE_4;has declined to join the current crisis;;es abgelehnt hat, sich dem aktuellen Konflikt;;;;;;;;;;;x;
CRISIS_OFFER_OTHER_DECLINE_5;on the side of $ACTOR$;;auf der Seite von $ACTOR$ anzuschließen;;;;;;;;;;;x;
CRISIS_OFFER_OTHER_DECLINE_6;*;*;*;*;*;*;*;;;;;;;x;
CRISIS_OFFER_OTHER_DECLINE_BTN1;OK;D'accord;OK;OK;OK;Aceptar;OK;Rendben;OK;;;;;;x
CRISIS_OFFER_OTHER_DECLINE_BTN2;OK;D'accord;OK;OK;OK;Aceptar;OK;Rendben;OK;;;;;;x
CRISIS_OFFER_OTHER_DECLINE_BTN3;Go to;Voir;Geht zu;IdŸ do;Ir allí;Andare;Ugrás;Pøejít na;;;;;;x;
CRISIS_OFFER_OTHER_DECLINE_LOG;$RECIPIENT$ declined to join the current crisis.;;$RECIPIENT$ hat es abgelehnt, sich dem aktuellen Konflikt anzuschließen.;;;;;;;;;;;x;
BACK_CRISISTITLE;Back country in crisis;;Unterstützt das Land im Konflikt;;;;;;;;;;;x;
BACK_CRISIS_OFFER;$ACTOR$ ask us to back their side in the current crisis.;;$ACTOR$ bittet uns, ihre Seite im aktuellen Konflikt zu unterstützen.;;;;;;;;;;;x;
BACK_CRISIS_WE_ACCEPT_SETUP;When we accept backing a side of a crisis;;Wenn wir zustimmen, eine Seite im Konflikt zu unterstützen;;;;;;;;;;;x;
BACK_CRISIS_WE_ACCEPT_HEADER;The Foreign Minister reports;Le ministre des Affaires étrangères indique :;Der Außenminister berichtet;;El ministro de Exteriores informa;;;;;;;;;x ;
BACK_CRISIS_WE_ACCEPT_1;$MONARCHTITLE$;$MONARCHTITLE$;$MONARCHTITLE$;;$MONARCHTITLE$;;;;;;;;;x ;
BACK_CRISIS_WE_ACCEPT_2;We have decided to back $ACTOR$ in the current crisis.;;Wir haben beschlossen, $ACTOR$ in dem aktuellen Konflikt zu unterstützen;;;;;;;;;;;x;
BACK_CRISIS_WE_ACCEPT_3;*;*;*;*;*;*;*;;;;;;;x;
BACK_CRISIS_WE_ACCEPT_4;*;*;*;*;*;*;*;;;;;;;x;
BACK_CRISIS_WE_ACCEPT_5;*;*;*;*;*;*;*;;;;;;;x;
BACK_CRISIS_WE_ACCEPT_6;*;*;*;*;*;*;*;;;;;;;x;
BACK_CRISIS_WE_ACCEPT_BTN1;OK;D'accord;OK;OK;OK;Aceptar;OK;Rendben;OK;;;;;;x
BACK_CRISIS_WE_ACCEPT_BTN2;OK;D'accord;OK;OK;OK;Aceptar;OK;Rendben;OK;;;;;;x
BACK_CRISIS_WE_ACCEPT_BTN3;Go to;Voir;Geht zu;IdŸ do;Ir allí;Andare;Ugrás;Pøejít na;;;;;;x;
BACK_CRISIS_WE_ACCEPT_LOG;We backed a side in the current crisis;;Wir haben eine Seite im aktuellen Konflikt unterstützt;;;;;;;;;;;x;
BACK_CRISIS_THEY_ACCEPT_SETUP;When someone accepts backing our side in a crisis;;Wenn jemand zustimmt, unsere Seite in einem Konflikt zu unterstützen;;;;;;;;;;;x;
BACK_CRISIS_THEY_ACCEPT_HEADER;The Foreign Minister reports;Le ministre des Affaires étrangères indique :;Der Außenminister berichtet;;El ministro de Exteriores informa;;;;;;;;;x ;
BACK_CRISIS_THEY_ACCEPT_1;$MONARCHTITLE$;$MONARCHTITLE$;$MONARCHTITLE$;;$MONARCHTITLE$;;;;;;;;;x ;
BACK_CRISIS_THEY_ACCEPT_2;$RECIPIENT$ has decided to back us in the current crisis.;;$RECIPIENT$ hat beschlossen, uns im aktuellen Konflikt zu unterstützen.;;;;;;;x;;;;;
BACK_CRISIS_THEY_ACCEPT_3;*;*;*;*;*;*;*;;;;;;;x;
BACK_CRISIS_THEY_ACCEPT_4;*;*;*;*;*;*;*;;;;;;;x;
BACK_CRISIS_THEY_ACCEPT_5;*;*;*;*;*;*;*;;;;;;;x;
BACK_CRISIS_THEY_ACCEPT_6;*;*;*;*;*;*;*;;;;;;;x;
BACK_CRISIS_THEY_ACCEPT_BTN1;OK;D'accord;OK;OK;OK;Aceptar;OK;Rendben;OK;;;;;;x
BACK_CRISIS_THEY_ACCEPT_BTN2;OK;D'accord;OK;OK;OK;Aceptar;OK;Rendben;OK;;;;;;x
BACK_CRISIS_THEY_ACCEPT_BTN3;Go to;Voir;Geht zu;IdŸ do;Ir allí;Andare;Ugrás;Pøejít na;;;;;;x;
BACK_CRISIS_THEY_ACCEPT_LOG;$RECIPIENT$ backed us in the current crisis.;;$RECIPIENT$ hat uns im aktuellen Konflikt unterstützt.;;;;;;;;;;;x;
BACK_CRISIS_OTHER_ACCEPT_SETUP;When someone backs the other side of a crisis;;Wenn jemand die andere Seite in einem Konflikt unterstützt;;;;;;;;;;;x;
BACK_CRISIS_OTHER_ACCEPT_HEADER;The Foreign Minister reports;Le ministre des Affaires étrangères indique :;Der Außenminister berichtet;;El ministro de Exteriores informa;;;;;;;;;x ;
BACK_CRISIS_OTHER_ACCEPT_1;$MONARCHTITLE$;$MONARCHTITLE$;$MONARCHTITLE$;;$MONARCHTITLE$;;;;;;;;;x ;
BACK_CRISIS_OTHER_ACCEPT_2;Trouble is brewing;;Ungemach droht;;;;;;;;;;;x;
BACK_CRISIS_OTHER_ACCEPT_3;It seems that $RECIPIENT$;;Es scheint, dass $RECIPIENT$;;;;;;;;;;;x;
BACK_CRISIS_OTHER_ACCEPT_4;has decided to back $ACTOR$ in the current crisis;;sich dazu entschlossen hat, $ACTOR$ im aktuellen Konflikt zu unterstützen;;;;;;;;;;;x;
BACK_CRISIS_OTHER_ACCEPT_5;*;*;*;*;*;*;*;;;;;;;x;
BACK_CRISIS_OTHER_ACCEPT_6;*;*;*;*;*;*;*;;;;;;;x;
BACK_CRISIS_OTHER_ACCEPT_BTN1;OK;D'accord;OK;OK;OK;Aceptar;OK;Rendben;OK;;;;;;x
BACK_CRISIS_OTHER_ACCEPT_BTN2;OK;D'accord;OK;OK;OK;Aceptar;OK;Rendben;OK;;;;;;x
BACK_CRISIS_OTHER_ACCEPT_BTN3;Go to;Voir;Geht zu;IdŸ do;Ir allí;Andare;Ugrás;Pøejít na;;;;;;x;
BACK_CRISIS_OTHER_ACCEPT_LOG;$RECIPIENT$ joined in the current crisis.;;$RECIPIENT$ ist dem aktuellen Konflikt beigetreten.;;;;;;;;;;;x;
BACK_CRISIS_WE_DECLINE_SETUP;When we decline backing a side of a crisis;;Wenn wir es ablehnen, eine Seite in einem Konflikt zu unterstützen;;;;;;;;;;;x;
BACK_CRISIS_WE_DECLINE_HEADER;The Foreign Minister reports;Le ministre des Affaires étrangères indique :;Der Außenminister berichtet:;;El ministro de Exteriores informa;;;;;;;;;x ;
BACK_CRISIS_WE_DECLINE_1;$MONARCHTITLE$;$MONARCHTITLE$;$MONARCHTITLE$;;$MONARCHTITLE$;;;;;;;;;x ;
BACK_CRISIS_WE_DECLINE_2;We have declined to back $ACTOR$ in the current crisis;;Wir haben es abgelehnt, $ACTOR$ im aktuellen Konflikt zu unterstützen;;;;;;;;;;;x;
BACK_CRISIS_WE_DECLINE_3;*;*;*;*;*;*;*;;;;;;;x;
BACK_CRISIS_WE_DECLINE_4;*;*;*;*;*;*;*;;;;;;;x;
BACK_CRISIS_WE_DECLINE_5;*;*;*;*;*;*;*;;;;;;;x;
BACK_CRISIS_WE_DECLINE_6;*;*;*;*;*;*;*;;;;;;;x;
BACK_CRISIS_WE_DECLINE_BTN1;OK;D'accord;OK;OK;OK;Aceptar;OK;Rendben;OK;;;;;;x
BACK_CRISIS_WE_DECLINE_BTN2;OK;D'accord;OK;OK;OK;Aceptar;OK;Rendben;OK;;;;;;x
BACK_CRISIS_WE_DECLINE_BTN3;Go to;Voir;Geht zu;IdŸ do;Ir allí;Andare;Ugrás;Pøejít na;;;;;;x;
BACK_CRISIS_WE_DECLINE_LOG;We declined to join the current crisis;;Wir haben es abgelehnt, dem aktuellen Konflikt beizutreten;;;;;;;;;;;x;
BACK_CRISIS_THEY_DECLINE_SETUP;When someone declines backing our side in a crisis;;Wenn es jemand ablehnt, unsere Seite in einem Konflikt zu unterstützen;;;;;;;;;;;x;
BACK_CRISIS_THEY_DECLINE_HEADER;The Foreign Minister reports;Le ministre des Affaires étrangères indique :;Der Außenminister berichtet;;El ministro de Exteriores informa;;;;;;;;;x ;
BACK_CRISIS_THEY_DECLINE_1;$MONARCHTITLE$;$MONARCHTITLE$;$MONARCHTITLE$;;$MONARCHTITLE$;;;;;;;;;x ;
BACK_CRISIS_THEY_DECLINE_2;$RECIPIENT$ declined to back us in the current crisis.;;$RECIPIENT$ hat es abgelehnt, uns im aktuellen Konflikt zu unterstützen.;;;;;;;;;;;x;
BACK_CRISIS_THEY_DECLINE_3;*;*;*;*;*;*;*;;;;;;;x;
BACK_CRISIS_THEY_DECLINE_4;*;*;*;*;*;*;*;;;;;;;x;
BACK_CRISIS_THEY_DECLINE_5;*;*;*;*;*;*;*;;;;;;;x;
BACK_CRISIS_THEY_DECLINE_6;*;*;*;*;*;*;*;;;;;;;x;
BACK_CRISIS_THEY_DECLINE_BTN1;OK;D'accord;OK;OK;OK;Aceptar;OK;Rendben;OK;;;;;;x
BACK_CRISIS_THEY_DECLINE_BTN2;OK;D'accord;OK;OK;OK;Aceptar;OK;Rendben;OK;;;;;;x
BACK_CRISIS_THEY_DECLINE_BTN3;Go to;Voir;Geht zu;IdŸ do;Ir allí;Andare;Ugrás;Pøejít na;;;;;;x;
BACK_CRISIS_THEY_DECLINE_LOG;$RECIPIENT$ declined to back $ACTOR$ in the current crisis.;;$RECIPIENT$ hat es abgelehnt, $ACTOR$ im aktuellen Konflikt zu unterstützen.;;;;;;;;;;;x;
BACK_CRISIS_OTHER_DECLINE_SETUP;When someone declines the side of a crisis;;Wenn es jemand ablehnt, die im Konflikt befindliche Seite zu unterstützen;;;;;;;;;;;x;
BACK_CRISIS_OTHER_DECLINE_HEADER;The Foreign Minister reports;Le ministre des Affaires étrangères indique :;Der Außenminister berichtet;;El ministro de Exteriores informa;;;;;;;;;x ;
BACK_CRISIS_OTHER_DECLINE_1;$MONARCHTITLE$;$MONARCHTITLE$;$MONARCHTITLE$;;$MONARCHTITLE$;;;;;;;;;x ;
BACK_CRISIS_OTHER_DECLINE_2;Things don't seem to be escalating yet.;;Die Dinge scheinen noch nicht außer Kontrolle zu sein.;;;;;;;;;;;x;
BACK_CRISIS_OTHER_DECLINE_3;It seems that $RECIPIENT$;;Es scheint, dass $RECIPIENT$;;;;;;;;;;;x;
BACK_CRISIS_OTHER_DECLINE_4;has declined to back $ACTOR$ in the current crisis;;es abgelehnt hat, $ACTOR$ im aktuellen Konflikt zu unterstützen;;;;;;;;;;;x;
BACK_CRISIS_OTHER_DECLINE_5;*;*;*;*;*;*;*;;;;;;;x;
BACK_CRISIS_OTHER_DECLINE_6;*;*;*;*;*;*;*;;;;;;;x;
BACK_CRISIS_OTHER_DECLINE_BTN1;OK;D'accord;OK;OK;OK;Aceptar;OK;Rendben;OK;;;;;;x
BACK_CRISIS_OTHER_DECLINE_BTN2;OK;D'accord;OK;OK;OK;Aceptar;OK;Rendben;OK;;;;;;x
BACK_CRISIS_OTHER_DECLINE_BTN3;Go to;Voir;Geht zu;IdŸ do;Ir allí;Andare;Ugrás;Pøejít na;;;;;;x;
BACK_CRISIS_OTHER_DECLINE_LOG;$RECIPIENT$ declined to back $ACTOR$ in the current crisis.;;$RECIPIENT$ hat es abgelehnt, $ACTOR$ im aktuellen Konflikt zu unterstützen.;;;;;;;;;;;x;
CRISIS_PROGRESS_DESC;When this meter reaches maxiumum the time for diplomacy is over and the crisis will become a war.;;Wenn dieser Zähler das Maximum erreicht, ist die Zeit für Diplomatie vorrüber und der Konflikt wird in einen Krieg ausarten.;;;;;;;;;;;x;
CRISIS_WAITING_DESC;At least one side of the crisis is waiting for a Great Power to support them.;;Wenigstens eine Seite des Konflikts wartet auf die Unterstützung durch eine Großmacht.;;;;;;;;;;;x;
EFFECT_CRISIS_INTEREST;$COUNTRY$ declares interest in the current crisis;;$COUNTRY$ erklärt sein Interesse am aktuellen Konflikt;;;;;;;;;;;x;
EVTNAME20000;An international crisis is brewing!;;Ein internationaler Konflikt brodelt!;;;;;;;;;;;x;
EVTDESC20000;As a great power it is expected of us to assert our position.;;Als Großmacht erwartet man von uns, unsere Position festzulegen.;;;;;;;;;;;x;
EVTOPTA20000;Yes, we are interested in this crisis;;Ja, wir sind an diesem Konflikt interessiert;;;;;;;;;;;x;
EVTOPTB20000;This doesn't concern us;;Das geht uns nichts an;;;;;;;;;;;x;
CRISIS_BACK_DOWN;Propose Solution;;Schlagt eine Lösung vor;;;;;;;;;;;x;
CRISISOFFERDESC;$COUNTRY$ is offering to settle the current crisis in our favor:;;$COUNTRY$ schlägt vor, den Konflikt zu unserem Vorteil beizulegen:;;;;;;;;;;;x;
CRISISDEMANDDESC;$COUNTRY$ is demanding we settle the current crisis in their favor:;;$COUNTRY$ fordert, dass wir den Konflikt zu ihrem Vorteil beilegen:;;;;;;;;;;;x;
crisis_free_peoples;Free people;Libérer la population;Freies Volk;;Liberar pueblo;;;;;;;;;x;
crisis_free_peoples_short;$THIRD$ acquires $STATE$;$THIRD$ prend $STATE$;$THIRD$ erwirbt $STATE$;;$THIRD$ adquiere $STATE$;;;;;;;;;x;
crisis_free_peoples_setup;Hand $STATE$ back to $THIRD$ from $RECIPIENT$;Prendre $STATE$ à $RECIPIENT$ pour le rendre à $THIRD$;Geben Sie $STATE$ an $THIRD$ von $RECIPIENT$ zurück;;Arrebatar el estado de $STATE$ de manos de $RECIPIENT$ y devolvérselo a $THIRD$;;;;;;;;;x;
CRISIS_BACK_DOWN_WE_ACCEPT_SETUP;When we accept an offer from the other side in a crisis;;Wenn wir das Angebot der anderen Seite in einem Konflikt akzeptieren;;;;;;;;;;;x;
CRISIS_BACK_DOWN_WE_ACCEPT_HEADER;$MESSENGER$;$MESSENGER$;$MESSENGER$;;$MESSENGER$;;;;;;;;;x;
CRISIS_BACK_DOWN_WE_ACCEPT_1;$ACTOR$;$ACTOR$;$ACTOR$;;$ACTOR$;;;;;;;;;x;
CRISIS_BACK_DOWN_WE_ACCEPT_2;We have accepted an offer to resolve the current crisis from;;Wir haben zugestimmt, ein Angebot zur Beendigung dieses Konflikts von;;;;;;;;;;;x;
CRISIS_BACK_DOWN_WE_ACCEPT_3;$ACTOR$;$ACTOR$;$ACTOR$;;$ACTOR$;;;;;;;;;x;
CRISIS_BACK_DOWN_WE_ACCEPT_4;on the following terms:;aux conditions suivantes :;zu folgenden Bedingungen anzunehmen:;;en los siguientes términos:;;;;;;;;;x;
CRISIS_BACK_DOWN_WE_ACCEPT_5; $TERMS$; §Y$TERMS$§W; $TERMS$;; $TERMS$;;;;;;;;;x;
CRISIS_BACK_DOWN_WE_ACCEPT_6;*;*;*;*;*;*;*;;;;;;;x;
CRISIS_BACK_DOWN_WE_ACCEPT_LOG;We accepted the offer to resolve the crisis from $ACTOR$.;;Wir haben das Angebot von  $ACTOR$ zur Beendigung des Konflikts angenommen.;;;;;;;;;;;x;
CRISIS_BACK_DOWN_WE_ACCEPT_BTN1;Fine!;Parfait !;Gut!;;¡Bien!;;;;;;;;;x;
CRISIS_BACK_DOWN_WE_ACCEPT_BTN2;Fine!;Parfait !;Gut!;;¡Bien!;;;;;;;;;x;
CRISIS_BACK_DOWN_WE_ACCEPT_BTN3;Goto;Voir;Geht zu;;Ir allí;;;;;;;;;x;
CRISIS_BACK_DOWN_WE_ACCEPT_MAP;Peace!;Paix !;Frieden!;;¡Paz!;;;;;;;;;x;
CRISIS_BACK_DOWN_THEY_ACCEPT_SETUP;When a nation accepts your offer of solving a crisis;;Wenn eine Nation Euer Angebot zur Beendigung eines Konflikts annimmt;;;;;;;;;;;x;
CRISIS_BACK_DOWN_THEY_ACCEPT_HEADER;$MESSENGER$;$MESSENGER$;$MESSENGER$;;$MESSENGER$;;;;;;;;;x;
CRISIS_BACK_DOWN_THEY_ACCEPT_1;$RECIPIENT$;$RECIPIENT$;$RECIPIENT$;;$RECIPIENT$;;;;;;;;;x;
CRISIS_BACK_DOWN_THEY_ACCEPT_2;$RECIPIENT$;$RECIPIENT$;$RECIPIENT$;;$RECIPIENT$;;;;;;;;;x;
CRISIS_BACK_DOWN_THEY_ACCEPT_3;accepted our offer of a solution to the current crisis;;hat unser Angebot zur Beendigung des Konflikts angenommen;;;;;;;;;;;x;
CRISIS_BACK_DOWN_THEY_ACCEPT_4;*;*;*;;*;;;;;;;;;x;
CRISIS_BACK_DOWN_THEY_ACCEPT_5;*;*;*;;*;;;;;;;;;x;
CRISIS_BACK_DOWN_THEY_ACCEPT_6;Terms: $TERMS$;Conditions : $TERMS$;Bedingungen: $TERMS$;;Términos: $TERMS$;;;;;;;;;x;
CRISIS_BACK_DOWN_THEY_ACCEPT_LOG;$RECIPIENT$ accepted our peace offer.;$RECIPIENT$ a accepté notre offre de paix.;$RECIPIENT$ akzeptierte unser Friedensangebot.;;$RECIPIENT$ ha aceptado nuestra oferta de paz.;;;;;;;;;x;
CRISIS_BACK_DOWN_THEY_ACCEPT_BTN1;Fine!;Parfait !;Gut!;;¡Bien!;;;;;;;;;x;
CRISIS_BACK_DOWN_THEY_ACCEPT_BTN2;Fine!;Parfait !;Gut!;;¡Bien!;;;;;;;;;x;
CRISIS_BACK_DOWN_THEY_ACCEPT_BTN3;Goto;Voir;Geht zu;;Ir allí;;;;;;;;;x;
CRISIS_BACK_DOWN_THEY_ACCEPT_MAP;*;*;*;*;*;*;*;;;;;;;x;
CRISIS_BACK_DOWN_OTHER_ACCEPT_SETUP;When a nation accepts an offer of solving a crisis;;Wenn eine Nation ein Angebot zur Beendigung eines Konflikts annimmt;;;;;;;;;;;x;
CRISIS_BACK_DOWN_OTHER_ACCEPT_HEADER;$MESSENGER$;$MESSENGER$;$MESSENGER$;;$MESSENGER$;;;;;;;;;x;
CRISIS_BACK_DOWN_OTHER_ACCEPT_1;$RECIPIENT$;$RECIPIENT$;$RECIPIENT$;;$RECIPIENT$;;;;;;;;;x;
CRISIS_BACK_DOWN_OTHER_ACCEPT_2;$RECIPIENT$;$RECIPIENT$;$RECIPIENT$;;$RECIPIENT$;;;;;;;;;x;
CRISIS_BACK_DOWN_OTHER_ACCEPT_3;accepted the crisis offer from;;hat das Friedensangebot angenommen, und zwar von;;;;;;;;;;;x;
CRISIS_BACK_DOWN_OTHER_ACCEPT_4;$ACTOR$;$ACTOR$.;$ACTOR$;;$ACTOR$;;;;;;;;;x;
CRISIS_BACK_DOWN_OTHER_ACCEPT_5;*;*;*;;*;;;;;;;;;x;
CRISIS_BACK_DOWN_OTHER_ACCEPT_6;Terms: $TERMS$;Conditions : $TERMS$;Bedingungen: $TERMS$;;Términos: $TERMS$;;;;;;;;;x;
CRISIS_BACK_DOWN_OTHER_ACCEPT_LOG;$RECIPIENT$ accepted the crisis offer from $ACTOR$.;;$RECIPIENT$ hat das Friedensangebot von $ACTOR$ angenommen.;;;;;;;;;;;x;
CRISIS_BACK_DOWN_OTHER_ACCEPT_BTN1;Fine!;Parfait !;Gut!;;¡Bien!;;;;;;;;;x;
CRISIS_BACK_DOWN_OTHER_ACCEPT_BTN2;Fine!;Parfait !;Gut!;;¡Bien!;;;;;;;;;x;
CRISIS_BACK_DOWN_OTHER_ACCEPT_BTN3;Goto;Voir;Geht zu;;Ir allí;;;;;;;;;x;
CRISIS_BACK_DOWN_OTHER_ACCEPT_MAP;*;*;*;*;*;*;*;;;;;;;x;
CRISIS_BACK_DOWN_WE_DECLINE_SETUP;When we decline a offer to resolve a crisis;;Wenn wir ein Angebot zur Beendigung eines Konflikts ablehnen;;;;;;;;;;;x;
CRISIS_BACK_DOWN_WE_DECLINE_HEADER;$MESSENGER$;$MESSENGER$;$MESSENGER$;;$MESSENGER$;;;;;;;;;x;
CRISIS_BACK_DOWN_WE_DECLINE_1;$ACTOR$;$ACTOR$;$ACTOR$;;$ACTOR$;;;;;;;;;x;
CRISIS_BACK_DOWN_WE_DECLINE_2;We have declined the peaceoffer from;;Wir haben das Friedensangebot von;;;;;;;;;;;x;
CRISIS_BACK_DOWN_WE_DECLINE_3;$ACTOR$;$ACTOR$;$ACTOR$;;$ACTOR$;;;;;;;;;x;
CRISIS_BACK_DOWN_WE_DECLINE_4;on the following terms:;;zu den folgenden Bedingungen abgelehnt:;;;;;;;;;;;x;
CRISIS_BACK_DOWN_WE_DECLINE_5;*;*;*;;*;;;;;;;;;x;
CRISIS_BACK_DOWN_WE_DECLINE_6;*;*;*;;*;;;;;;;;;x;
CRISIS_BACK_DOWN_WE_DECLINE_LOG;We declined the crisis suggestion offer from $ACTOR$.;;Wir haben den Friedensvorschlag von $ACTOR$ zur Beendigung des Konflikts abgelehnt.;;;;;;;;;;;x;
CRISIS_BACK_DOWN_WE_DECLINE_BTN1;Fine!;Parfait !;Gut!;;¡Bien!;;;;;;;;;x;
CRISIS_BACK_DOWN_WE_DECLINE_BTN2;Fine!;Parfait !;Gut!;;¡Bien!;;;;;;;;;x;
CRISIS_BACK_DOWN_WE_DECLINE_BTN3;Goto;Voir;Geht zu;;Ir allí;;;;;;;;;x;
CRISIS_BACK_DOWN_WE_DECLINE_MAP;*;*;*;*;*;*;*;;;;;;;x;
CRISIS_BACK_DOWN_THEY_DECLINE_SETUP;When a nation declines your offer to resolve a crisis;;Wenn eine Nation Euer Angebot zur Beendigung eines Konflikts ablehnt;;;;;;;;;;;x;
CRISIS_BACK_DOWN_THEY_DECLINE_HEADER;$MESSENGER$;$MESSENGER$;$MESSENGER$;;$MESSENGER$;;;;;;;;;x;
CRISIS_BACK_DOWN_THEY_DECLINE_1;$RECIPIENT$;$RECIPIENT$;$RECIPIENT$;;$RECIPIENT$;;;;;;;;;x;
CRISIS_BACK_DOWN_THEY_DECLINE_2;$RECIPIENT$;$RECIPIENT$;$RECIPIENT$;;$RECIPIENT$;;;;;;;;;x;
CRISIS_BACK_DOWN_THEY_DECLINE_3;rejected our generous offer to resolve the crisis.;;hat unser spendables Angebot zur Beendigung des Konflikts abgelehnt;;;;;;;;;;;x;
CRISIS_BACK_DOWN_THEY_DECLINE_4;*;*;*;;*;;;;;;;;;x;
CRISIS_BACK_DOWN_THEY_DECLINE_5;*;*;*;;*;;;;;;;;;x;
CRISIS_BACK_DOWN_THEY_DECLINE_6;*;*;*;;*;;;;;;;;;x;
CRISIS_BACK_DOWN_THEY_DECLINE_LOG;$RECIPIENT$ rejected our crisis solution offer.;;$RECIPIENT$ hat unser Angebot zur Beendigung des Konflikts abgelehnt.;;;;;;;;;;;x;
CRISIS_BACK_DOWN_THEY_DECLINE_BTN1;Fine!;Parfait !;Gut!;;¡Bien!;;;;;;;;;x;
CRISIS_BACK_DOWN_THEY_DECLINE_BTN2;Fine!;Parfait !;Gut!;;¡Bien!;;;;;;;;;x;
CRISIS_BACK_DOWN_THEY_DECLINE_BTN3;Goto;Voir;Geht zu;;Ir allí;;;;;;;;;x;
CRISIS_BACK_DOWN_THEY_DECLINE_MAP;*;*;*;*;*;*;*;;;;;;;x;
CRISIS_BACK_DOWN_OTHER_DECLINE_SETUP;When another nation rejects a crisis offer;Si une nation refuse de faire la paix avec une autre;Wenn eine andere Nation ein Angebot zu einem Konflikt ablehnt;;Cuando una nación rechaza la paz con otra;;;;;;;;;x;
CRISIS_BACK_DOWN_OTHER_DECLINE_HEADER;$MESSENGER$;$MESSENGER$;$MESSENGER$;;$MESSENGER$;;;;;;;;;x;
CRISIS_BACK_DOWN_OTHER_DECLINE_1;$RECIPIENT$;$RECIPIENT$;$RECIPIENT$;;$RECIPIENT$;;;;;;;;;x;
CRISIS_BACK_DOWN_OTHER_DECLINE_2;$RECIPIENT$;$RECIPIENT$;$RECIPIENT$;;$RECIPIENT$;;;;;;;;;x;
CRISIS_BACK_DOWN_OTHER_DECLINE_3;rejected the offer of a crisis solution from;;hat das Angebot zur Beendigung eines Konflikts abgelehnt, und zwar von;;;;;;;;;;;x;
CRISIS_BACK_DOWN_OTHER_DECLINE_4;$ACTOR$;$ACTOR$.;$ACTOR$;;$ACTOR$;;;;;;;;;x;
CRISIS_BACK_DOWN_OTHER_DECLINE_5;*;*;*;;*;;;;;;;;;x;
CRISIS_BACK_DOWN_OTHER_DECLINE_6;*;*;*;;*;;;;;;;;;x;
CRISIS_BACK_DOWN_OTHER_DECLINE_LOG;$RECIPIENT$ rejected the offer of a crisis solution from $ACTOR$.;;$RECIPIENT$ hat das Angebot zur Beendigung eines Konflikts von $ACTOR$ abgelehnt.;;;;;;;;;;;x;
CRISIS_BACK_DOWN_OTHER_DECLINE_BTN1;Fine!;Parfait !;Gut!;;¡Bien!;;;;;;;;;x ;
CRISIS_BACK_DOWN_OTHER_DECLINE_BTN2;Fine!;Parfait !;Gut!;;¡Bien!;;;;;;;;;x;
CRISIS_BACK_DOWN_OTHER_DECLINE_BTN3;Goto;Voir;Geht zu;;Ir allí;;;;;;;;;x;
CRISIS_BACK_DOWN_OTHER_DECLINE_MAP;;*;*;*;*;*;*;*;;;;;;;x
CRISIS_BACK_DOWN_DI;Crisis solution offer;;Angebot zur Beendigung eines Konflikts;;;;;;;;;;;x;
CRISIS_OFFER_DI;Offer of joining a side of a crisis;;Angebot, einer Seite in einem Konflikt beizutreten;;;;;;;;;;;x;
CRISIS_BACK_DOWNTITLE;Crisis;;Konflikt;;;;;;;;;;;x;
OFFER_CRISIS_PEACE;Offer concessions;;Zugeständnisse anbieten;;;;;;;;;;;x;
DEMAND_CRISIS_PEACE;Demand concessions;;Zugeständnisse fordern;;;;;;;;;;;x;
COLONIAL_POINTS;Colonial Power;;Kolonialmacht;;;;;;;;;;;x;
COLONIAL_POINTS_TECH;Colonial power points;;Kolonialmacht-Wertung;;;;;;;;;;;x;
CRISIS_TITLE_COUNTRY;$COUNTRY_ADJ$ Crisis;;$COUNTRY_ADJ$ Konflikt;;;;;;;;;;;x;
CRISIS_DESCRIPTION_INFLUENCE;The struggle for control in $COUNTRY$;;Der Kampf um die Kontrolle in $COUNTRY$;;;;;;;;;;;x;
NAVAL_SORT_LABEL;Sort by:;;Sortieren nach:;;;;;;;;;;;x;
NAVAL_SORT_TYPE;Type;;Typ;;;;;;;;;;;x;
NAVAL_SORT_STANCE;Stance;;Haltung;;;;;;;;;;;x;
NAVAL_SORT_STR_ORG;Str/Org;;Stärke/Org.;;;;;;;;;;;x;
battleship;Battleship;;Kampfschiff;;;;;;;;;;;x;
UNCOLONIZED_WITHDRAW;Withdraw;;Zurückziehen;;;;;;;;;;;x;
UNCOLONIZED_INVEST_LVL1;Expedition;;Expedition;;;;;;;;;;;x;
UNCOLONIZED_INVEST_LVL2;Colonists;;Kolonisten;;;;;;;;;;;x;
UNCOLONIZED_INVEST_LVL3;Outpost;;Außenposten;;;;;;;;;;;x;
UNCOLONIZED_INVEST_LVL4;Settlement;;Siedlung;;;;;;;;;;;x;
UNCOLONIZED_INVEST_LVL5;Guard post;;Wachposten;;;;;;;;;;;x;
UNCOLONIZED_DO_INVEST_LVL1;Send expedition;;Expedition senden;;;;;;;;;;;x;
UNCOLONIZED_DO_INVEST_LVL2;Send colonists;;Kolonisten senden;;;;;;;;;;;x;
UNCOLONIZED_DO_INVEST_LVL3;Construct outpost;;Außenposten bauen;;;;;;;;;;;x;
UNCOLONIZED_DO_INVEST_LVL4;Build settlement;;Siedlung bauen;;;;;;;;;;;x;
UNCOLONIZED_DO_INVEST_LVL5;Reinforce guard post;;Wachposten verstärken;;;;;;;;;;;x;
#TENSION_DECAY;Decay: §Y$VAL$§!;;Zerfall: §Y$VAL$§!;;;;;;;;;;;x;
CB_TENSION;War Justification: §Y$VAL$§!;Casus Belli: §Y$VAL$§!;Kriegsrechtfertigung: §Y$VAL$§!;;;;;;;;;;;x;
TENSION_FROM_ACTIVE_CRISIS;Active Crisis: §Y$VAL$§!;;Aktive Konflikte: §Y$VAL$§!;;;;;;;;;;;x;
AT_WAR_TENSION_DECAY;$COUNTRY$ is at war: §Y$VAL$§;;$COUNTRY$ befindet sich im Krieg: §Y$VAL$§;;;;;;;;;;;x;
TRIGGER_FLASHPOINT_TAG;Flashpoint attacker;;Unruheherd-Angreifer;;;;;;;;;;;x;
CRISIS_NO_SIDE_PICKED_SETUP;When we have avoided backing one of the sides of the crisis;;Wenn wir es vermieden haben, eine der Seiten in einem Konflikt zu unterstützen;;;;;;;;;;;x;
CRISIS_NO_SIDE_PICKED_HEADER;*;*;*;;*;;;;;;;;;x;
CRISIS_NO_SIDE_PICKED_1;Diplomatic Indecisiveness;*;Diplomatische Unentschlossenheit;;*;;;;;;;;;x;
CRISIS_NO_SIDE_PICKED_2;Because of our failure to act;*;Aufgrund unseres Unvermögens zu handeln,;;*;;;;;;;;;x;
CRISIS_NO_SIDE_PICKED_3;our prestige is reduced by §R$PENALTY$§!.;*;wird unser Prestige um §R$PENALTY$§! reduziert.;;*;;;;;;;;;x;
CRISIS_NO_SIDE_PICKED_4;In the future we must make a stand in international politics or risk being ignored.;*;In Zukunft müssen wir in der internationalen Politik Stellung beziehen oder wir riskieren es, ignoriert zu werden.;;*;;;;;;;;;x;
CRISIS_NO_SIDE_PICKED_5;*;*;*;;*;;;;;;;;;x;
CRISIS_NO_SIDE_PICKED_6;*;*;*;;*;;;;;;;;;x;
CRISIS_NO_SIDE_PICKED_LOG;We failed to act before the current crisis concluded;;Wir haben es verpasst zu handeln, bevor der aktuelle Konflikt ihren Abschluss fand;;;;;;;;;;;x;
CRISIS_NO_SIDE_PICKED_BTN1;Ok;OK;Ok;;Aceptar;;;;;;;;;x;
CRISIS_STARTED_SETUP;An international crisis has started;;Ein internationaler Konflikt hat begonnen;;;;;;;;;;;x;
CRISIS_STARTED_HEADER;$MESSENGER$;$MESSENGER$;$MESSENGER$;;$MESSENGER$;;;;;;;;;x;
CRISIS_STARTED_1;International Crisis;*;Internationaler Konflikt;;*;;;;;;;;;x;
CRISIS_STARTED_2;Diplomatic tension has caused an international crisis in;*;Diplomatische Spannungen führten zu einem internationalen Konflikt in;;*;;;;;;;;;x;
CRISIS_STARTED_3;$CRISISTARGET$;;$CRISISTARGET$;;;;;;;;;;;x;
CRISIS_STARTED_4;We have no concerns, this will be resolved in a civilized way.;;Wir bezweifeln nicht, das dies in zivilisierter Weise beendet wird.;;;;;;;;;;;x;
CRISIS_STARTED_5;*;*;*;;*;;;;;;;;;x;
CRISIS_STARTED_6;*;*;*;;*;;;;;;;;;x;
CRISIS_STARTED_LOG;A new crisis has started;;Ein neuer Konflikt hat begonnen;;;;;;;;;;;x;
CRISIS_STARTED_BTN1;Ok;OK;Ok;;Aceptar;;;;;;;;;x;
CRISIS_BECAME_WAR_SETUP;A crisis has escalated into war;;Ein Konflikt ist in einen Krieg ausgeartet;;;;;;;;;;;x;
CRISIS_BECAME_WAR_HEADER;$MESSENGER$;$MESSENGER$;$MESSENGER$;;$MESSENGER$;;;;;;;;;x;
CRISIS_BECAME_WAR_1;International Crisis;*;Internationaler Konflikt;;*;;;;;;;;;x;
CRISIS_BECAME_WAR_2;The diplomatic negotiations in the current crisis have failed.;*;Die diplomatischen Verhandlungen im aktuellen Konflikt sind fehlgeschlagen.;;*;;;;;;;;;x;
CRISIS_BECAME_WAR_3;It seems the field of battle will decide who is right.;*;Das Schlachtfeld wird wohl entscheiden wer Recht hat.;;*;;;;;;;;;x;
CRISIS_BECAME_WAR_4;*;*;*;;*;;;;;;;;;x;
CRISIS_BECAME_WAR_5;*;*;*;;*;;;;;;;;;x;
CRISIS_BECAME_WAR_6;*;*;*;;*;;;;;;;;;x;
CRISIS_BECAME_WAR_LOG;A crisis has escalated into war.;;Ein Konflikt ist in einen Krieg ausgeartet.;;;;;;;;;;;x;
CRISIS_BECAME_WAR_BTN1;Ok;OK;Ok;;Aceptar;;;;;;;;;x;
IS_IN_CRISIS;is involved in a crisis.;;ist in einen Konflikt verwickelt.;;;;;;;;;;;x;
IS_NOT_IN_CRISIS;is not involved in a crisis.;;ist nicht in einen Konflikt verwickelt.;;;;;;;;;;;x;
BACK_CRISIS_DI;Offer of backing a country in a crisis;;Angebot zur Unterstützung eines in einem Konflikt befindlichen Landes;;;;;;;;;;;x;
CRISIS_NOBODY_BACKED_SETUP;When nobody backs a crisis;;Wenn niemand in einem Konflikt Unterstützung anbietet;;;;;;;;;;;x;
CRISIS_NOBODY_BACKED_HEADER;$MESSENGER$;$MESSENGER$;$MESSENGER$;;$MESSENGER$;;;;;;;;;x;
CRISIS_NOBODY_BACKED_1;Crisis averted for now;*;Konflikt vorerst abgewendet;;*;;;;;;;;;x;
CRISIS_NOBODY_BACKED_2;The crisis in;;Der Konflikt in;;;;;;;;;;;x;
CRISIS_NOBODY_BACKED_3;§Y$CRISISTARGET$§!;*;§Y$CRISISTARGET$§!;;*;;;;;;;;;x;
CRISIS_NOBODY_BACKED_4;failed to enlist international interest at this time.;;hat zu diesem Zeitpunkt kein internationales Interesse hervorgerufen.;;;;;;;;;;;x;
CRISIS_NOBODY_BACKED_5;*;*;*;;*;;;;;;;;;x;
CRISIS_NOBODY_BACKED_6;*;*;*;;*;;;;;;;;;x;
CRISIS_NOBODY_BACKED_LOG;Nobody backed current crisis;;Niemand hat den aktuellen Konflikt unterstützt;;;;;;;;;;;x;
CRISIS_NOBODY_BACKED_BTN1;Ok;OK;Ok;;Aceptar;;;;;;;;;x;
BP_TOOL_ICON_INFANTRY;Infantry icon;;Infanterie-Symbol;;;;;;;;;;;x;
BP_TOOL_ICON_COMBAT;Battle icon;;Kampf-Symbol;;;;;;;;;;;x;
BP_TOOL_ICON_CAVALRY;Cavalry icon;;Kavallerie-Symbol;;;;;;;;;;;x;
BP_TOOL_ICON_ARTILLERY;Artillery icon;;Artillerie-Symbol;;;;;;;;;;;x;
BP_TOOL_ICON_NAVAL;Naval base icon;;Marinestützpunkt-Symbol;;;;;;;;;;;x;
BP_TOOL_ICON_INVASION;Invasion icon;;Invasion-Symbol;;;;;;;;;;;x;
BP_TOOL_ICON_WOODEN_SHIP;Ship icon;;Schiff-Symbol;;;;;;;;;;;x;
BP_TOOL_ICON_IRONCLAD;Ironclad icon;;Panzerschiff-Symbol;;;;;;;;;;;x;
BP_TOOL_ICON_INDUSTRY;Industry icon;;Industrie-Symbol;;;;;;;;;;;x;
BP_TOOL_ICON_COLONY;Colony icon;;Kolonie-Symbol;;;;;;;;;;;x;
BP_TOOL_ICON_WARGOAL_1;Wargoal icon;;Kriegsziel-Symbol;;;;;;;;;;;x;
BP_TOOL_ICON_WARGOAL_2;Wargoal icon;;Kriegsziel-Symbol;;;;;;;;;;;x;
TAKE_SIDE_PENALTY;Prestige penalty for not taking a side: §R$VAL$§!;;Malus auf Prestige, da keine Seite gewählt wurde: §R$VAL$§!;;;;;;;;;;;x;
NO_CALL_ALLY_CRISIS;Can not call allies to a Crisis War before Great Wars are enabled;;Kann keine Verbündeten zu einem Konfliktkrieg rufen, bevor Große Kriege nicht aktiviert wurden;;;;;;;;;;;x;
PRODUCTION_BONUS;$BON$ bonus from:;;$BON$ Bonus von:;;;;;;;;x;;;;
