AI_FEARS_US_TITLE1;$TAG_0_0_UPPER$ FEARS OUR MIGHT!;;$TAG_0_0_upper$ FÜRCHTET UNSERE MACHT!;;;;;;;;x;;;
AI_FEARS_US_DESC1_LONG;Reports of rumours are coming in from our correspondent in $TAG_0_0$. An unnamed source informs that a series of meetings involving top military officers have taken place in their capital in the last few months. The top theme of these meetings involves a possible fictitious scenario where war is declared and our military invades them. Measures of counter-attack and, if needed, even guerrilla warfare methods were discussed. Apparently the top command of the $TAG_0_0_ADJ$ army is preparing for the worst. It seems we are feared by them!;;Gerüchte erreichen unseren Korrespondenten in $TAG_0_0$. Eine anonyme Quelle bestätigt, dass in den letzten Monaten mehrere Treffen mit hochrangigen Militäroffizieren in ihrer Hauptstadt stattfanden. Das Hauptthema dieser Treffen drehte sich um ein fiktionales Szenario der Kriegserklärung und einer Invasion durch unser Militär. Es wurden mögliche Gegenangriffe und sogar Guerillakämpfe diskutiert. Scheinbar bereitet sich die $TAG_0_0_ADJ$e Armee auf das Schlimmste vor. Sie scheinen Angst vor uns zu haben!;;;;;;;;x;;;
AI_FEARS_US_DESC1_MEDIUM;An unnamed source in $TAG_0_0$ reports that the government there is preparing for the worst. A fictitious scenario involving a war declaration by our country against them is deemed possible, and top military officers consider our military might frightening!;;Eine anonyme Quelle in $TAG_0_0$ meldet, dass sich die dortige Regierung auf das Schlimmste vorbereitet. Ein fiktionales Szenario einer Kriegserklärung durch unser Land wird für möglich gehalten, und ihre hochrangigen Militäroffiziere fürchten unsere militärische Stärke!;;;;;;;;x;;;
AI_FEARS_US_DESC1_SHORT;Reports are coming in from an unnamed source in $TAG_0_0$ of a series of military meetings in their capital. It seems they deem an invasion by our troops a serious possibility! ;;Eine anonyme Quelle in $TAG_0_0$ berichtet von einer Reihe von militärischen Treffen in ihrer Hauptstadt. Wie es scheint, halten sie eine Invasion durch unsere Truppen durchaus für möglich!;;;;;;;;x;;;
AI_FEARS_US_TITLE2;$TAG_0_0$ fears we are coming!;;$TAG_0_0$ fürchtet unseren Einmarsch!;;;;;;;;x;;;
AI_FEARS_US_DESC2_LONG;A recent article in a $TAG_0_0_ADJ$ newspaper startled their nation! A detailed analysis of the chilly relations between our countries and a careful comparison of our relative military strengths led the editor to the conclusion that our countries might soon find themselves in a state of war, and when that day comes, $TAG_0_0$'s very existence might be threatened. The elite and the commoners alike, the citizens of $TAG_0_0$ demand their government to seek alliance with a greater power to diminish the unavoidable threat we are posing.;;Ein kürzlicher Beitrag in der $TAG_0_0_ADJ$en Zeitung brachte ihre Nation in Aufruhr! Eine ausführliche Analyse der frostigen Beziehungen zwischen unseren Ländern mit einem Vergleich unserer militärischen Stärken brachte den Herausgeber zu dem Schluss, dass unsere Länder sich bald im Kriegszustand befinden könnten. Sollte dieser Tag kommen, wäre die Existenz $TAG_0_0$s angeblich gefährdet. Alle Bürger von $TAG_0_0$, Adel wie auch Bürgerliche, fordern ihre Regierung auf, ein Bündnis mit einer Großmacht einzugehen, um die Bedrohung, die wir darstellen, einzudämmen.;;;;;;;;x;;;
AI_FEARS_US_DESC2_MEDIUM;A recent article in a $TAG_0_0_ADJ$ newspaper startled their nation! A detailed analysis of the chilly relations between our countries led the editor to the conclusion that absent new guarantees, our countries might soon find themselves in a state of war.;;Ein kürzlicher Beitrag in der $TAG_0_0_ADJ$en Zeitung brachte ihre Nation in Aufruhr! Eine ausführliche Analyse der frostigen Beziehungen zwischen unseren Ländern brachte den Herausgeber zu dem Schluss, dass unsere Länder sich bald im Kriegszustand befinden könnten.;;;;;;;;x;;;
AI_FEARS_US_DESC2_SHORT;A recent article in a $TAG_0_0_ADJ$ newspaper startled their nation! Analysis of chilly relations between our countries led the editor to the conclusion that war might be unavoidable.;;Ein Beitrag in der $TAG_0_0_ADJ$en Zeitung brachte die Nation ihre Aufruhr! Die Analyse frostiger Beziehungen zw. unseren Ländern brachte sie zu dem Schluss, dass ein Krieg unausweichlich sei.;;;;;;;;x;;;
AI_FEARS_US_TITLE3;$TAG_0_0_ADJ$ insults!;;$TAG_0_0_ADJ$e Beleidigungen!;;;;;;;;x;;;
AI_FEARS_US_DESC3_LONG;Prejudice and hatred reign in $TAG_0_0$. The growing chorus of insults reached new lows on Monday as the $TAG_0_0_ADJ$ foreign minister slapped our ambassador on the lawn of our embassy in $TAG_0_0$. When asked for comment, our minister for foreign affairs said that this was 'More proof, as if any was needed, that they cannot be trusted to behave in a civilised manner. Savages and cads govern in $TAG_0_0$, and the sooner these wretches are rooted out the better'. Diplomatic channels remain open for now, but war may be inevitable.;;Vorurteile und Hass herrschen in $TAG_0_0$. Die Beleidigungen fanden am Montag einen neuen Tiefpunkt, als der $TAG_0_0_ADJ$e Außenminister unseren Botschafter auf dem Rasen unserer Botschaft in $TAG_0_0$ ohrfeigte. Auf Anfrage sagte unser Außenminister, dass dies 'weitere Beweise sind, falls wir noch welche brauchten, dass man von ihnen kein zivilisiertes Verhalten erwarten kann. Wilde und Proleten herrschen in $TAG_0_0$ und je eher wir sie ausmerzen, desto besser.' Diplomatische Kontakte werden weiterhin aufrechterhalten, doch Krieg scheint unvermeidbar.;;;;;;;;x;;;
AI_FEARS_US_DESC3_MEDIUM;Prejudice and hatred reign supreme in $TAG_0_0$. On Monday the $TAG_0_0_ADJ$ foreign minister slapped our ambassador. Our minister for foreign affairs said that 'savages and cads govern in $TAG_0_0$, and the sooner these wretches are rooted out, the better'.;;Vorurteile und Hass herrschen in $TAG_0_0$ vor. Am Montag gab der $TAG_0_0_ADJ$e Außenminister unserem Botschafter eine Ohrfeige. Unser Außenminister sagt, dass 'Wilde und Proleten in $TAG_0_0$ regieren, je eher wir sie ausmerzen, desto besser.';;;;;;;;x;;;
AI_FEARS_US_DESC3_SHORT;On Monday the $TAG_0_0_ADJ$ foreign minister slapped our ambassador. Savages and bounders govern in $TAG_0_0$, and the sooner these wretches are rooted out, the better.;;Am Montag gab der $TAG_0_0_ADJ$e Außenminister unserem Botschafter eine Ohrfeige. Wilde und Schurken regieren in $TAG_0_0$ und je eher wir sie ausmerzen, desto besser.;;;;;;;;x;;;
AI_FEARS_OTHER_TITLE1;The fears of $TAG_0_0$;;Angst in $TAG_0_0$;;;;;;;;x;;;
AI_FEARS_OTHER_DESC1_LONG;A recent article in a $TAG_0_0_ADJ$ newspaper startled their nation! A detailed analysis of their chilly relations with $TAG_0_1$ and a comparison of their relative military strengths led the editor to the conclusion that both countries might soon find themselves in a state of war, and when that day comes, $TAG_0_0$'s very existence might be threatened. The elite and the commoners alike, the citizens of $TAG_0_0$ demand their government to seek alliances to diminish the unavoidable threat the $TAG_0_1_ADJ$ pose.;;Ein Beitrag in einer $TAG_0_0_ADJ$en Zeitung beunruhigte ihre Nation! Eine ausführliche Analyse der frostigen Beziehungen mit $TAG_0_1$ und ein Vergleich der militärischen Stärken brachte den Herausgeber zu dem Schluss, dass beide Länder sich bald im Kriegszustand befinden könnten. Sollte dieser Tag kommen, wäre die Existenz $TAG_0_0$s gefährdet. Alle Bürger von $TAG_0_0$, Adel wie auch Bürgerliche, fordern ihre Regierung auf, Bündnisse einzugehen, um die $TAG_0_1_ADJ$e Bedrohung einzudämmen.;;;;;;;;x;;;
AI_FEARS_OTHER_DESC1_MEDIUM;A recent article in a $TAG_0_0_ADJ$ newspaper startled their nation! A detailed analysis of their chilly relations with $TAG_0_1$ led the editor to the conclusion that absent new guarantees, both countries might soon find themselves in the state of war.;;Ein Beitrag in einer $TAG_0_0_ADJ$en Zeitung beunruhigte ihre Nation! Eine ausführliche Analyse der frostigen Beziehungen mit $TAG_0_1$ brachte den Herausgeber zu dem Schluss, dass beide Länder sich bald im Kriegszustand befinden könnten.;;;;;;;;x;;;
AI_FEARS_OTHER_DESC1_SHORT;A recent article in a $TAG_0_0_ADJ$ newspaper startled their nation! Analysis of their chilly relations with $TAG_0_1$ led to the conclusion that war might be unavoidable.;;Ein Beitrag in einer $TAG_0_0_ADJ$en Zeitung beunruhigte ihre Nation! Eine ausführliche Analyse der frostigen Beziehungen mit $TAG_0_1$ deutet an, dass ein Krieg unvermeidlich sein könnte.;;;;;;;;x;;;
AI_FEARS_OTHER_TITLE2;The $TAG_0_0_ADJ$ fear;;Die $TAG_0_0_ADJ$e Angst;;;;;;;;x;;;
AI_FEARS_OTHER_DESC2_LONG;According to reports from the inner circles of the $TAG_0_0_ADJ$ government, the prevalent mood of all top officials is one of deep apprehension and fear. Many predict that rivalries between $TAG_0_1$ and them will spark an international conflict, one which $TAG_0_0$ might well lose. Therefore, it is rumoured they are considering the possibility that war might come to their doorstep, and are making concrete preparations should this happen. Fear seems to also be spreading to the population, who expect the worst: A cruel defeat.;;Laut Meldungen aus dem Führungszirkel der $TAG_0_0_ADJ$en Regierung, überwiegt in Regierungskreisen eine Stimmung der Sorge und Angst. Viele befürchten, dass die Rivalitäten mit $TAG_0_1$ einen internationalen Konflikt auslösen könnten, den $TAG_0_0$ sehr wohl verlieren könnte. Gerüchten zufolge wird die Möglichkeit des Krieges vor ihrer Tür erwogen und es werden entsprechende Vorbereitungen getroffen. Angst breitet sich auch in der Bevölkerung aus, die mit dem Schlimmsten rechnet: einer grausamen Niederlage.;;;;;;;;x;;;
AI_FEARS_OTHER_DESC2_MEDIUM;The mood of $TAG_0_0_ADJ$ officials is one of frightful apprehension when it comes to the actions of $TAG_0_1$. Being ever watchful of their actions, many fear that an eventual war between both countries will result in a cruel defeat to $TAG_0_0$.;;Die Stimmung unter $TAG_0_0_ADJ$en Offiziellen ist angesichts der Aktionen von $TAG_0_1$ von Angst und Sorge geprägt. Viele befürchten einen möglichen Krieg zwischen beiden Ländern, der mit der grausamen Niederlage von $TAG_0_0$ enden könnte.;;;;;;;;x;;;
AI_FEARS_OTHER_DESC2_SHORT;Through local press reports, it seems the $TAG_0_0_ADJ$ population and government are suffering from a widespread fear of $TAG_0_1$'s military power. More on page 4.;;Lokale Pressestimmen melden die weitverbreitete Angst der $TAG_0_0_ADJ$en Bevölkerung und Regierung vor der militärischen Stärke von $TAG_0_1$. Mehr dazu auf Seite 4.;;;;;;;;x;;;
AI_LOVES_US_TITLE1;$TAG_0_0$: Our best friend;;$TAG_0_0$: Unser bester Freund;;;;;;;;x;;;
AI_LOVES_US_DESC1_LONG;Have you ever considered fellow $TAG_0_0_ADJ$ citizens your best friends? Perhaps. However, it certainly seems they consider us as a target, not to fight against, but to befriend! A series of diplomats and envoys in our capital have been outspoken in their support for an alliance between our two great nations, should war break out. 'It is no wonder that we must pledge support to each other in these troubled times. When everyone around you is at each other's throats, a friend in need is a friend indeed!' said a diplomat in an interview.;;Sehen Sie $TAG_0_0_ADJ$e Bürger als Ihre besten Freunde an? Vielleicht. Scheinbar sehen diese uns jedoch als Ziel, doch nicht als Kriegsziel, sondern als Verbündete! Diplomaten und Abgesandte beschwören in unserer Hauptstadt ein Bündnis unserer beiden Großmächte herauf, falls ein Krieg ausbrechen sollte. 'In diesen schweren Zeiten ist es unsere Pflicht, uns gegenseitig zu unterstützen. Wenn sich alle um einen herum gegenseitig an die Kehle wollen, sind Freunde unerlässlich.' sagte ein Diplomat in einem Interview.;;;;;;;;x;;;
AI_LOVES_US_DESC1_MEDIUM;$TAG_0_0_ADJ$ diplomats in our capital are outspoken in their support for an alliance between our two great nations. According to governmental sources, relations between us and them are at an all time high and may even lead to a mutual pledge of military support soon.;;$TAG_0_0_ADJ$e Diplomaten betonen in unserer Hauptstadt ihren Wunsch eines Bündnisses unserer beiden Größmächte. Regierungskreise bezeichnen die Beziehungen als hervorragend, was bald zu einer gegenseitigen Verpflichtung zur militärischen Unterstützung führen könnte.;;;;;;;;x;;;
AI_LOVES_US_DESC1_SHORT;The relations between the $TAG_0_0_ADJ$ government and ours have never been better. Political analysts say that they consider us as a potential ally and friend for peace and war.;;Die Beziehungen zwischen der $TAG_0_0_ADJ$ Regierung und uns könnten besser nicht sein. Laut politischen Analysten sehen sie uns als möglichen Verbündeten und Freund im Krieg und Frieden.;;;;;;;;x;;;
AI_LOVES_US_TITLE2;$TAG_0_0$ stands with us!;;$TAG_0_0$ steht an unserer Seite!;;;;;;;;x;;;
AI_LOVES_US_DESC2_LONG;An article in a $TAG_0_0_ADJ$ newspaper paints a picture of amiable relations between our countries. Calling on numerous examples of peaceful cooperation based on trust and friendship, the editor declared both our nations to stand as friends and brothers. Using words like 'trustworthy', 'reliable' and 'steadfast' to describe our relations, the newspaper encouraged $TAG_0_0$'s government to continue aligning themselves with our policies to pursue common interests and goals, and to strengthen mutual guarantees and assurances.;;Ein Beitrag in einer $TAG_0_0_ADJ$en Zeitung zeichnet ein Bild der freundschaftlichen Beziehungen zwischen unseren Ländern. Unter Aufzählung mehrerer Beispiele friedlicher, auf Vertrauen und Freundschaft basierender Kooperation, sieht der Herausgeber uns als Freunde und Brüder. Mit Worten wie 'vertrauenswürdig', 'zuverlässig' und 'standhaft' umschreibt die Zeitung unsere Beziehungen und ruft die Regierung von $TAG_0_0$ dazu auf, diese weiter auszubauen, um gemeinsame Interessen und Ziele zu verfolgen und den gegenseitigen Rückhalt zu stärken.;;;;;;;;x;;;
AI_LOVES_US_DESC2_MEDIUM;An article in a $TAG_0_0_ADJ$ newspaper paints a picture of amiable relations between our countries. Calling on numerous examples of peaceful cooperation based on trust and friendship, the editor declared both our nations to stand as friends and brothers.;;Ein Beitrag in einer $TAG_0_0_ADJ$en Zeitung zeichnet ein Bild der freundschaftlichen Beziehungen zwischen unseren Ländern. Unter Aufzählung mehrerer Beispiele friedlicher, auf Vertrauen und Freundschaft basierender Kooperation, sieht der Herausgeber uns als Freunde und Brüder.;;;;;;;;x;;;
AI_LOVES_US_DESC2_SHORT;An article in a $TAG_0_0_ADJ$ newspaper paints a picture of amiable relations between our nations. Editor encouraged their government to continue aligning themselves with our policies.;;Ein Beitrag in einer $TAG_0_0_ADJ$en Zeitung zeichnet ein Bild der freundschaftlichen Beziehungen zwischen unseren Ländern. Herausgeber ruft ihre Regierung dazu auf, diese weiter auszubauen.;;;;;;;;x;;;
AI_LOVES_US_TITLE3;$TAG_0_0$ knows its place!;;$TAG_0_0$ nicht übermütig!;;;;;;;;x;;;
AI_LOVES_US_DESC3_LONG;"Common sense is the order of the day in $TAG_0_0$, as their government and people continue to be enamoured with all things $OURCOUNTRY_ADJ$. In the political, military and cultural spheres, our obviously apparent superiority is readily acknowledged by the snivelling wretches. The $TAG_0_0_ADJ$ foreign minister, in a shameful attempt to ingratiate himself with our elites, said ""We welcome the paternal and guiding hand of $OURCOUNTRY_ADJ$. Long may our countries' friendship continue, to our mutual benefit"". Whether that will be the case remains to be seen.";;"Gesunder Menschenverstand herrscht in $TAG_0_0$, wo Regierung und Bevölkerung alles $OURCOUNTRY_ADJ$e hoch schätzen. Diese wehleidigen Schufte erkennen nur allzu gerne unsere offensichtliche Überlegenheit in allen politischen, militärischen und kulturellen Belangen an. Auf schamlose Weise biedert sich der $TAG_0_0_ADJ$e Außenminister unseren Eliten an und sagt ""Wir begrüßen die väterliche und wegweisende $OURCOUNTRY_ADJ$e Hand. Möge die Freundschaft unserer Länder ewig zum gegenseitigen Vorteil währen."" Es bleibt abzuwarten, ob dies der Fall sein wird.";;;;;;;;;;;
AI_LOVES_US_DESC3_MEDIUM;Common sense is the order of the day in the $TAG_0_0_ADJ$ capital, as their government and people continue to be enamoured with all things $OURCOUNTRY_ADJ$. In the political, military and cultural spheres, our obvious superiority is acknowledged by the wretches.;;Gesunder Menschenverstand herrscht in der $TAG_0_0_ADJ$en Hauptstadt, wo Regierung und Bevölkerung alles $OURCOUNTRY_ADJ$e hoch schätzen. Diese Schufte erkennen nur allzu gern unsere offensichtliche Überlegenheit in allen politischen, militärischen und kulturellen Belangen an.;;;;;;;;x;;;
AI_LOVES_US_DESC3_SHORT;The $TAG_0_0_ADJ$ government and people continue to be enamoured with $OURCOUNTRY$. In all spheres, our obvious superiority is readily acknowledged.;;$TAG_0_0_ADJ$e Regierung und Bevölkerung schätzen weiterhin alles $OURCOUNTRY_ADJ$e sehr. Nur allzu gern erkennen sie unsere offensichtliche Überlegenheit in allen Belangen an.;;;;;;;;x;;;
AI_LOVES_OTHER_TITLE1;$TAG_0_0$'s relations;;$TAG_0_0$s Beziehungen;;;;;;;;x;;;
AI_LOVES_OTHER_DESC1_LONG;An article in a $TAG_0_0_ADJ$ newspaper paints a picture of their amiable relations with $TAG_0_1$. Calling on numerous examples of peaceful cooperation based on trust and friendship, the editor declared both nations to stand as friends and brothers. Using words like 'trustworthy', 'steadfast' and 'reliable' to describe their relations, the newspaper encouraged $TAG_0_0$'s government to continue aligning themselves with $TAG_0_1$'s policies to pursue common interests, and to strengthen mutual guarantees and assurances.;;Ein Beitrag in einer $TAG_0_0_ADJ$en Zeitung zeichnet ein Bild der freundschaftlichen Beziehungen mit $TAG_0_1$. Unter Aufzählung mehrerer Beispiele friedlicher, auf Vertrauen und Freundschaft basierender Kooperation, sieht der Herausgeber beide Nationen als Freunde und Brüder. Mit Worten wie 'vertrauenswürdig', 'zuverlässig' und 'standhaft' umschreibt die Zeitung die Beziehungen und ruft die Regierung von $TAG_0_0$ dazu auf, diese weiter mit $TAG_0_1$ auszubauen, um gemeinsame Interessen zu verfolgen und den gegenseitigen Rückhalt zu stärken.;;;;;;;;x;;;
AI_LOVES_OTHER_DESC1_MEDIUM;An article in a $TAG_0_0_ADJ$ newspaper paints a picture of their amiable relations with $TAG_0_1$. Calling on numerous examples of peaceful cooperation based on trust and friendship, the editor declared both nations to stand as friends and brothers.;;Ein Beitrag in einer $TAG_0_0_ADJ$en Zeitung zeichnet ein Bild der freundschaftlichen Beziehungen mit $TAG_0_1$. Unter Aufzählung mehrerer Beispiele friedlicher Kooperation, sieht der Herausgeber beide Nationen als Freunde und Brüder.;;;;;;;;x;;;
AI_LOVES_OTHER_DESC1_SHORT;An article in a $TAG_0_0_ADJ$ newspaper paints a picture of their great relations with $TAG_0_1$. The editor called on the league with $TAG_0_1$ to be maintained.;;Ein Beitrag in einer $TAG_0_0_ADJ$en Zeitung zeichnet ein Bild der guten Beziehungen mit $TAG_0_1$. Der Herausgeber empfiehlt, den Bund mit $TAG_0_1$ aufrecht zu erhalten.;;;;;;;;x;;;
AI_LOVES_OTHER_TITLE2;$TAG_0_0_ADJ$-$TAG_0_1_ADJ$ relations;;$TAG_0_0_ADJ$-$TAG_0_1_ADJ$e Beziehungen;;;;;;;;x;;;
AI_LOVES_OTHER_DESC2_LONG;Although history might have put our two countries at odds sometimes, it is clear that fate herself decided to bring us together!', said the $TAG_0_0_ADJ$ government spokesman yesterday in their nation's capital, referring to the recent increase of cooperation with $TAG_0_1$. The abolition of some custom duties between both lands last year and the frequent visits of ambassadors from $TAG_0_0$ seem to show that a guarantee of friendship through a military alliance is indeed a solid possibility.;;Mit Referenz auf die wachsende Kooperation mit $TAG_0_1$ sagte der Sprecher der $TAG_0_0_ADJ$en Regierung gestern in ihrer Hauptstadt, dass 'es klar ist, dass das Schicksal uns zusammengeführt hat, auch wenn es in der Geschichte beider Länder manchmal zu Streitigkeiten gekommen ist!'. Die Abschaffung einiger Zoll-Verpflichtungen zwischen beiden Ländern im vergangenen Jahr und die zahlreichen Besuche des Botschafters von $TAG_0_0$ deuten an, dass eine Freundschaft im Rahmen eines militärischen Bündnisses durchaus möglich ist.;;;;;;;;x;;;
AI_LOVES_OTHER_DESC2_MEDIUM;Smiling $TAG_0_0_ADJ$ diplomats were seen yesterday at a summit in the $TAG_0_1_ADJ$ capital. '$TAG_0_1$ is our natural ally', mentioned one $TAG_0_0_ADJ$ official. Political analysts predict an alliance pact might be signed soon.;;Lächelnde $TAG_0_0_ADJ$e Diplomaten wurden gestern auf einem Gipfeltreffen in der $TAG_0_1_ADJ$en Hauptstadt gesichtet. '$TAG_0_1$ ist unser natürlicher Verbündeter', sagte ein $TAG_0_0_ADJ$er Offizieller. Politische Analysten sehen die Unterzeichnung eines Bündnisabkommens voraus.;;;;;;;;x;;;
AI_LOVES_OTHER_DESC2_SHORT;Prosperity for the Future with our $TAG_0_1_ADJ$ brothers!' is $TAG_0_0_ADJ$ ruling party's newest slogan. Many say this is an indication of a future military alliance.;;Die neueste Devise der führenden $TAG_0_0_ADJ$en Partei lautet: 'Wohlstand für die Zukunft mit unseren $TAG_0_1_ADJ$en Brüdern!'. Viele sehen Anzeichen eines zukünftigen Militär-Bündnisses.;;;;;;;;x;;;
OTHER_NEW_GP_TITLE1;The Rise of $TAG_0_1$;;Der Aufstieg von $TAG_0_1$;;;;;;;;x;;;
OTHER_NEW_GP_DESC_LONG1;Following $TAG_0_0$'s decline, $TAG_0_1$ assumes higher standing among the nations of the world by ascending to the position of one of the great powers. Many a proof of $TAG_0_0$'s struggling economy, feeble military and waning prestige unveiled over the recent months, as their allies couldn't rely on their assistance and their government became a subject to foreign ploys. Their fall from the ranks of the worthy comes as benefit to $TAG_0_1$, expanding their global esteem, proving that nature doesn't tolerate a vacuum.;;Mit dem Niedergang von $TAG_0_0$ nimmt $TAG_0_1$ eine höhere Stellung unter den Nationen der Welt ein und wird zu einer der Großmächte. Wir sahen in den letzten Monaten viele Beweise für $TAG_0_0$s Wirtschaftsprobleme, schwaches Militär und schwindendes Prestige. Verbündete konnten nicht mehr auf den Rückhalt des Landes setzen und seine Regierung wurde zum Spielball ausländischer Machenschaften. Sein Sturz aus den Rängen der Würdigen begünstigt $TAG_0_1$, stärkt ihr globales Ansehen und beweist, dass die Natur kein Vakuum toleriert.;;;;;;;;x;;;
OTHER_NEW_GP_DESC_MEDIUM1;Following $TAG_0_0$'s persisting decline, $TAG_0_1$ assumes higher standing among the nations of the world by ascending to the position of one of the great powers, expanding their global esteem, proving that nature doesn't tolerate a vacuum.;;Mit dem Niedergang von $TAG_0_0$ nimmt $TAG_0_1$ eine höhere Stellung unter den Nationen der Welt ein und wird zu einer der Großmächte, stärkt ihr globales Ansehen und beweist, dass die Natur kein Vakuum toleriert.;;;;;;;;x;;;
OTHER_NEW_GP_DESC_SHORT1;Following $TAG_0_0$'s persisting decline, $TAG_0_1$ assumes higher standing among the nations of the world by ascending to the position of one of the great powers.;;Mit dem Niedergang von $TAG_0_0$ nimmt $TAG_0_1$ eine höhere Stellung unter den Nationen der Welt ein und wird zu einer der Großmächte.;;;;;;;;x;;;
WE_BECOME_GP_TITLE1;We benefit from $TAG_0_0$'s decline;;Wir profitieren von $TAG_0_0$s Niedergang;;;;;;;;x;;;
WE_BECOME_GP_DESC_LONG1;Following $TAG_0_0$'s decline, we assume our rightful standing among the nations of the world by ascending to the position of one of the great powers. Many a proof of $TAG_0_0$'s struggling economy, feeble military and waning prestige unveiled over the recent months, as their allies couldn't rely on their assistance and their government became subject to foreign ploys. Their demise from the ranks of the worthy comes as benefit to us, with our global influence and leadership replacing theirs, proving that nature does not tolerate a vacuum.;;Mit dem Niedergang von $TAG_0_0$ nehmen wir unsere rechtmäßige Stellung unter den Nationen dieser Welt als eine der Großmächte ein. Wir sahen in den letzten Monaten viele Beweise für $TAG_0_0$s Wirtschaftsprobleme, schwaches Militär und schwindendes Prestige. Verbündete konnten nicht mehr auf den Rückhalt des Landes setzen und seine Regierung wurde zum Spielball ausländischer Machenschaften. Ihr Sturz aus den Rängen der Würdigen ermöglichte es uns, ihren globalen Einfluss und ihre Führung durch unsere zu ersetzen und beweist, dass die Natur kein Vakuum toleriert.;;;;;;;;x;;;
WE_BECOME_GP_DESC_MEDIUM1;Following $TAG_0_0$'s decline, we assume our rightful standing among the nations of the world by ascending to the position of one of the great powers. Their demise from the ranks of the worthy comes as benefit to us, with our global influence replacing theirs.;;Mit dem Niedergang von $TAG_0_0$ nehmen wir unsere rechtmäßige Stellung unter den Nationen dieser Welt als eine der Großmächte ein. Ihr Sturz aus den Rängen der Würdigen ermöglichte es uns, ihren globalen Einfluss durch den unseren zu ersetzen.;;;;;;;;x;;;
WE_BECOME_GP_DESC_SHORT1;Following $TAG_0_0$'s decline, we assume our rightful standing among the nations of the world by ascending to the position of one of the great powers.;;Mit dem Niedergang von $TAG_0_0$ nehmen wir unsere rechtmäßige Stellung unter den Nationen dieser Welt als eine der Großmächte ein.;;;;;;;;x;;;
WE_LOSE_GP_TITLE1;$TAG_0_1$ benefits from our decline;;$TAG_0_1$ profitiert von unserem Niedergang;;;;;;;;x;;;
WE_LOSE_GP_DESC_LONG1;Following our country's persisting decline, $TAG_0_1$ assumes higher standing among the nations of the world by ascending to the position of one of the great powers. Many a proof of our struggling economy, feeble military and waning prestige unveiled over the recent months, as our allies couldn't rely on our assistance and our government became a subject to foreign ploys. Our demise from the ranks of the worthy comes as benefit to $TAG_0_1$, expanding their global esteem, proving that nature doesn't tolerate a vacuum.;;Dank unserem fortwährenden Niedergang nimmt $TAG_0_1$ eine höhere Stellung unter den Nationen dieser Welt als eine der Großmächte ein. Wir sahen in den letzten Monaten viele Beweise für unsere Wirtschaftsprobleme, unser schwaches Militär und schwindendes Prestige. Verbündete konnten nicht mehr auf unseren Rückhalt setzen und unsere Regierung wurde zum Spielball ausländischer Machenschaften. Unser Sturz aus den Rängen der Würdigen ermöglichte es $TAG_0_1$, ihr globales Ansehen zu stärken, und beweist, dass die Natur kein Vakuum toleriert.;;;;;;;;x;;;
WE_LOSE_GP_DESC_MEDIUM1;Following our country's persisting decline, $TAG_0_1$ assumes higher standing among the nations of the world by ascending to the position of one of the great powers, expanding their global esteem, proving that nature doesn't tolerate a vacuum.;;Dank unserem fortwährenden Niedergang nimmt $TAG_0_1$ eine höhere Stellung unter den Nationen dieser Welt als eine der Großmächte ein, stärkt ihr globales Ansehen, und beweist, dass die Natur kein Vakuum toleriert.;;;;;;;;x;;;
WE_LOSE_GP_DESC_SHORT1;Following our country's persisting decline, $TAG_0_1$ assumes higher standing among the nations of the world by ascending to the position of one of the great powers.;;Dank unserem fortwährenden Niedergang nimmt $TAG_0_1$ eine höhere Stellung unter den Nationen dieser Welt als eine der Großmächte ein.;;;;;;;;x;;;
CRISIS_START_TITLE1;Crisis set in motion!;;Konflikt in Gang gesetzt!;;;;;;;;x;;;
CRISIS_START_DESC_LONG1;Whether there still remains any hope to resolve the matter peacefully, noone is able to tell at this point, as great powers of the world lock themselves in the power struggle of the commencing international crisis. A diplomatic settlement of the matter might still remain within reach, but the clock on reaching one quickly runs out, and as the belligerent participants delay the resolution by drawing lines in sand and flexing their muscles in politics of attrition and coercion to reduce or avoid concessions, they might soon find themselves in the dreaded state of war.;;Niemand kann sagen, ob noch Hoffnung besteht, diese Angelegenheit friedlich zu lösen, nun da die Großmächte der Welt im Machtkampf des beginnenden, internationalen Konflikts Position beziehen. Ein diplomatisches Abkommen könnte noch machbar sein, doch die Zeit läuft davon, und die aggressiven Teilnehmer verzögern eine Lösung mit Muskelspielen und Machtspielen in der Politik der Zermürbung und machen Druck, um Zugeständnisse zu verhindern. Sie könnten sich schon bald im gefürchteten Kriegszustand wiederfinden.;;;;;;;;x;;;
CRISIS_START_DESC_MEDIUM1;Great powers of the world lock themselves in a power struggle. A diplomatic settlement of the matter might still remain within reach, but the clock on reaching one quickly runs out, as the belligerent parties delay the resolution by drawing lines in sand and flexing their muscles.;;Die Großmächte der Welt beziehen in einem Machtkampf Position. Ein diplomatisches Abkommen könnte noch machbar sein, doch die Zeit läuft davon, und die aggressiven Teilnehmer verzögern eine Lösung mit Muskelspielen und Machtspielen in der Politik.;;;;;;;;x;;;
CRISIS_START_DESC_SHORT1;Great powers of the world lock themselves in a power struggle. A diplomatic settlement of the matter might still remain within reach, but the clock on reaching one quickly runs out.;;Die Großmächte der Welt beziehen in einem Machtkampf Position. Ein diplomatisches Abkommen könnte noch machbar sein, doch die Zeit läuft davon.;;;;;;;;x;;;
CRISIS_END_TITLE1;CRISIS AVERTED!;;KONFLIKT VERHINDERT!;;;;;;;;x;;;
CRISIS_END_DESC_LONG1;It is peace for our time', great powers announce, emerging from the summit negotiations with a diplomatic resolution to the brewing international crisis, which many claimed might have plunged them into war if a compromise was not reached. 'We declare there is no desire between our peoples to go to war against one another', the competing sides declared, though careful observers took notice that one side might be perceived as the victor, leaving the other with bitter aftertaste of concessions and loss of prestige, threatening the longevity of the signed agreement.;;Die Großmächte verkünden 'Frieden in unserer Zeit', nachdem sie in Gipfeltreffen eine diplomatische Lösung im beginnenden internationalen Konflikt fanden, der nach Meinung vieler ohne Kompromisse zu einem Krieg geführt hätte. 'Wir erklären, dass zwischen unseren Völkern keine Kriegsabsicht besteht', äußerten beide Seiten. Wachsame Beobachter deuten an, dass eine Seite durchaus als Sieger hervorging, während die andere bittere Zugeständnisse und heftigen Prestigeverlust hinnehmen musste, was die Langlebigkeit des unterzeichneten Abkommens in Frage stellt.;;;;;;;;x;;;
CRISIS_END_DESC_MEDIUM1;It is peace for our time', great powers announce, emerging from the summit negotiations with a diplomatic resolution to the brewing international crisis, which many claimed might have plunged them into the dreaded state of war if a compromise was not reached.;;Die Großmächte verkünden 'Frieden in unserer Zeit', nachdem sie in Gipfeltreffen eine diplomatische Lösung im beginnenden internationalen Konflikt fanden, der nach Meinung vieler ohne Kompromisse zu einem Krieg geführt hätte.;;;;;;;;x;;;
CRISIS_END_DESC_SHORT1;It is peace for our time', great powers announce, emerging from the summit negotiations with a diplomatic resolution to the brewing international crisis, averting the possiblity of war.;;Die Großmächte verkünden 'Frieden in unserer Zeit', nachdem sie in Gipfeltreffen eine diplomatische Lösung im beginnenden internationalen Konflikt fanden und Krieg vermeideten.;;;;;;;;x;;;
RESEARCH_NEWS_TITLE_LARGE2;Breakthrough in $TAG_0_0$!;;Erfolg in $TAG_0_0$!;;;;;;;;;x;;
RESEARCH_NEWS_LARGE2;$TAG_0_0_ADJ$ scientists have announced yesterday that after months of dedicated and focused research, a new breakthrough in the field of $STRING_0_1$ has been made. It is expected that the entrepreneurs and government of $TAG_0_0$ will soon start putting this newly acquired knowledge to good use, applying it in practical ways throughout the nation.;;$TAG_0_0_ADJ$e Wissenschaftler verkündeten gestern nach Monaten konzentrierter und engagierter Forschung einen bahnbrechenden Erfolg im $STRING_0_1$-Forschungsfeld. Es wird erwartet, dass Unternehmer und Regierung in $TAG_0_0$ schon bald die neuen Erkenntnisse gewinnbringend in der gesamten Nation einsetzen.;;;;;;;;;x;;
RESEARCH_NEWS_TITLE_MEDIUM2;Breakthrough in $TAG_0_0$!;;Erfolg in $TAG_0_0$!;;;;;;;;;x;;
RESEARCH_NEWS_MEDIUM2;$TAG_0_0_ADJ$ scientists have announced a breakthrough in the field of $STRING_0_1$. This new knowledge will soon be applied in practical ways, said one of the researchers.;;$TAG_0_0_ADJ$e Wissenschaftler verkündeten einen bahnbrechenden Erfolg im $STRING_0_1$-Forschungsfeld. Die neuen Erkenntnisse werten laut einem der Forscher schon bald gewinnbringend eingesetzt werden.;;;;;;;;;x;;
RESEARCH_NEWS_TITLE_SMALL2;Breakthrough in $TAG_0_0$!;;Erfolg in $TAG_0_0$!;;;;;;;;;x;;
RESEARCH_NEWS_SMALL2;$TAG_0_0_ADJ$ scientists have recently announced a breakthrough in the field of $STRING_0_1$.;;$TAG_0_0_ADJ$e Wissenschaftler verkündeten kürzlich einen bahnbrechenden Erfolg im $STRING_0_1$-Forschungsfeld.;;;;;;;;;x ;;
COMMUNIST_REVOLUTION_NEWS_TITLE_LARGE_COMMUNIST;COMMUNISM TRIUMPHS IN $TAG_0_0_UPPER$!;;KOMMUNISMUS TRIUMPHIERT IN $TAG_0_0_UPPER$!;;;;;;;;;;;x
COMMUNIST_REVOLUTION_NEWS_LARGE_COMMUNIST;Workers of the world, unite!' Once more our rallying cry has proven fitting for such a victorious revolution. The corrupt powers of capitalism cannot stop the desire of the proletariat for a better future. We have received joyous news from our comrades in $TAG_0_0$, who managed to rise in rebellion against the crooks and thieves that mistreated and exploited the common folk. They seized the governmental powers, taking it back where it belongs: the hands of the people, represented by the people's committee: $STRING_0_0$!;;Unser Aufruf 'Proletarier aller Länder, vereinigt Euch!' zeigt sich erneut mehr als passend für eine so siegreiche Revolution. Die korrupten Machenschaften des Kapitalismus können den Wunsch des Proletariats auf eine bessere Zukunft nicht ersticken. Wir erhielten frohe Kunde von unseren Genossen in $TAG_0_0$, deren Rebellion gegen die Gauner und Diebe, die das Volk misshandeln und ausnutzen, sich im Aufwind befindet. Sie haben die Regierungsaufgaben dorthin übertragen, wo sie hingehören: in die Hand des Volkes, repräsentiert durch ein Volkskomitee: $STRING_0_0$!;;;;;;;;;;;x
COMMUNIST_REVOLUTION_NEWS_TITLE_MEDIUM_COMMUNIST;COMMUNISM IN $TAG_0_0_UPPER$!;;KOMMUNISMUS IN $TAG_0_0_UPPER$!;;;;;;;;;;;x
COMMUNIST_REVOLUTION_NEWS_MEDIUM_COMMUNIST;Workers of the world, unite!' This rallying cry can been heard today throughout $TAG_0_0$, where our communist comrades have been victorious in overthrowing the government and establishing the one and true people's party: $STRING_0_0$!;;Der Aufruf 'Proletarier aller Länder, vereinigt Euch!' erschallt heute in ganz $TAG_0_0$, wo unsere kommunistischen Genossen die Regierung erfolgreich stürzten und die einzig wahre Volkspartei etablierten: $STRING_0_0$!;;;;;;;;;;;x
COMMUNIST_REVOLUTION_NEWS_TITLE_SMALL_COMMUNIST;REVOLUTION!;;REVOLUTION!;;;;;;;;;;;x
COMMUNIST_REVOLUTION_NEWS_SMALL_COMMUNIST;Workers of the world, unite!' This rallying cry can been heard today throughout $TAG_0_0$, where our comrades have been victorious in overthrowing the corrupt capitalist crooks!;;Der Aufruf 'Proletarier aller Länder, vereinigt Euch!' erschallt heute in ganz $TAG_0_0$, wo unsere Genossen die korrupten, kapitalistischen Gauner erfolgreich stürzten!;;;;;;;;;;;x
battle_we_lose_large_censored_press;Reports from the field tell us that on $DATE_LONG_0$, our courageous troops have made a tactical retreat from the battle against $TAG_0_3$ in $STRING_0_3$. This has been proven necessary to maximise our element of unpredictability and surprise. $VALUE_INT_0_4$ enemy soldiers have been killed by our valiant boys. Although $VALUE_INT_0_2$ of our soldiers are yet to report back for duty, it's worth noting that many of our troops remain hidden to surprise the enemy in an ambush, showing true courage and resilience!;;Meldungen von der Front berichten, dass unsere tapferen Truppen am $DATE_LONG_0$ einen taktischen Rückzug vom Kampf gegen $TAG_0_3$ in $STRING_0_3$ antraten. Dies erwies sich zur Maximierung unseres Überraschungselements und unserer Unberechenbarkeit als notwendig. $VALUE_INT_0_4$ feindliche Soldaten fanden durch unsere wackeren Jungs den Tod. Auch wenn $VALUE_INT_0_2$ unserer Soldaten noch vermisst werden, sollte nicht vergessen werden, dass viele unserer Truppen weiterhin im Hinterhalt auf den Feind lauern und wahre Tapferkeit und Widerstandskraft beweisen.;;;;;;;;;;;x
battle_we_lose_medium_censored_press;On $DATE_LONG_0$, a tactical retreat from the battle against $TAG_0_3$ has been proven necessary, in order to maximise our element of surprise! $VALUE_INT_0_2$ of our soldiers are said to be hiding for an ambush, while $VALUE_INT_0_4$ enemy troops have been killed!;;Am $DATE_LONG_0$ erwies sich ein taktischer Rückzug vom Kampf gegen $TAG_0_3$ zur Maximierung unseres Überraschungselements als notwendig. Schätzungsweise $VALUE_INT_0_2$ unserer Soldaten verbergen sich weiterhin im Hinterhalt und $VALUE_INT_0_4$ feindliche Truppen fanden den Tod.;;;;;;;;;;;x
battle_we_lose_small_censored_press;On $DATE_LONG_0$, a tactical retreat has been conducted from the battle against $TAG_0_3$. It is thought $VALUE_INT_0_2$ of our troops are in hiding, preparing for an ambush!;;Am $DATE_LONG_0$ kam es zum taktischen Rückzug vom Kampf gegen $TAG_0_3$. Schätzungsweise $VALUE_INT_0_2$ unserer Soldaten verbergen sich weiterhin im Hinterhalt und lauern auf den Feind.;;;;;;;;;;;x 
battle_we_lose_censored_title_large;Interrupted enemy advance in $STRING_0_3$!;;Feindlicher Vorstoß in $STRING_0_3$ verzögert!;;;;;;;;;;;x
battle_we_lose_censored_large;They were outnumbered forty to one in some sections of the front, and still held the line' a high military commander praised the bravery of our soldiers, who managed to delay enemy advance in $STRING_0_3$ for as long as it was strategically feasible, and inflicted $VALUE_INT_0_2$ of casualties against our foes. 'We are not ready to publish the number of casualties on our side' a government official replied, when asked about our own losses. 'Our people must rally behind the government when it comes to national defence' he challenged the sceptics.;;Ein hochrangiger militärischer Befehlshaber lobpreiste die Tapferkeit unserer Soldaten, die 'an manchen Frontabschnitten vierzig gegen einen in der Unterzahl waren und dennoch die Stellung hielten' und somit einen feindlichen Vorstoß in $STRING_0_3$ so lange wie strategisch sinnvoll hinauszögerten. $VALUE_INT_0_2$ feindliche Soldaten fanden den Tod. 'Wir haben noch keine Zahlen unserer eigenen Verluste', so ein Regierungssprecher auf unsere diesbezügliche Frage. 'Wir brauchen den Rückhalt unseres Volkes, wenn es um die nationale Verteidigung geht', forderte er alle Skeptiker heraus.;;;;;;;;;;;x
battle_we_lose_censored_title_medium;Delayed enemy in $STRING_0_3$;;Feind in $STRING_0_3$ aufgehalten;;;;;;;;;;;x
battle_we_lose_censored_medium;Our brave soldiers succeeded in slowing down enemy advance against our territory, fighting a pitched battle against outnumbering force from $TAG_0_2$. 'If we lose every battle in such a great fashion, we might as well win this entire war' a high ranking officer commented.;;Unsere tapferen Soldaten konnten den feindl. Vorstoß mit Erfolg in offener Feldschlacht gegen die zahlenmäßig überlegenen Truppen von $TAG_0_2$ verzögern. 'Wenn wir jedes Gefecht auf so großartige Art verlieren, können wir den Krieg auch gewinnen', sagte ein hochrangiger Offizier.;;;;;;;;;;;x
battle_we_lose_censored_title_small;Moral victory in $STRING_0_3$;;Moralischer Sieg in $STRING_0_3$;;;;;;;;;;;x
battle_we_lose_censored_small;On $DATE_LONG_0$ we successfully evacuated troops from the battle of $STRING_0_3$, inflicting $VALUE_INT_0_2$ casualties, but leaving $TAG_0_2$ in control of the field.;;Am $DATE_LONG_0$ evakuierten wir erfolgreich Truppen aus dem Gefecht in $STRING_0_3$ mit $VALUE_INT_0_2$ gegnerischen Verlusten, mussten jedoch $TAG_0_2$ die Kontrolle des Feldes überlassen.;;;;;;;;;;;x
war_we_lose_censored_large_title;OUR BOYS RETURN HOME.\nPEACE WITH $TAG_2_0_UPPER$ SIGNED!;;UNSERE JUNGS KEHREN HEIM.\nFRIEDEN MIT $TAG_2_0_UPPER$ UNTERZEICHNET!;;;;;;;;;;;x
war_we_lose_censored_large_desc;On $DATE_LONG_1$ our government decided to yield in the war against $TAG_2_0$. The war, known as $STRING_0_0$, raged from $DATE_SHORT_0$ over $STRING_9_0$, and the result was $STRINGS_LIST_4$. 'We gave no quarter, and we can be proud of our boys, we showed we are not a pushover' government officials commented, 'But in the end, it wasn't worth spilling more of our youth's blood'. All citizens are to rejoice that our brave sons are returning home, although no official celebrations are scheduled at this time.;;Am $DATE_LONG_1$ entschloss sich unsere Regierung, im Krieg gegen $TAG_2_0$ nachzugeben. Der auch als $STRING_0_0$ bekannte Krieg tobte seit $DATE_SHORT_0$ über $STRING_9_0$ und das Ergebnis war $STRINGS_LIST_4$. 'Wir gaben kein Pardon und können stolz auf unsere Jungs sein, wir haben bewiesen, kein leichter Gegner zu sein', kommentierten Regierungsvertreter, 'Doch am Ende war es kein weiteres Blutvergießen unserer Jugend wert'. Alle Bürger sollten die Heimkehr unserer Söhne bejubeln, offizielle Feierlichkeiten wurden allerdings noch nicht datiert.;;;;;;;;;;;x
war_we_lose_censored_medium_title;PEACE WITH $TAG_2_0_UPPER$!;;FRIEDEN MIT $TAG_2_0_UPPER$!;;;;;;;;;;;x
war_we_lose_censored_medium_desc;On $DATE_LONG_1$ our government decided to yield in the war against $TAG_2_0$. The war, known as $STRING_0_0$, raged from $DATE_SHORT_0$ over $STRING_9_0$, and the result was $STRINGS_LIST_4$.;;Am $DATE_LONG_1$ entschloss sich unsere Regierung, im Krieg gegen $TAG_2_0$ nachzugeben. Der auch als $STRING_0_0$ bekannte Krieg tobte seit $DATE_SHORT_0$ über $STRING_9_0$ und das Ergebnis war $STRINGS_LIST_4$.;;;;;;;;;;;x
war_we_lose_censored_small_title;Peace with $TAG_2_0$;;Frieden mit $TAG_2_0$;;;;;;;;;;;x
war_we_lose_censored_small_desc;$STRING_0_0$ has ended with our surrender to the unexpected victor, $TAG_2_0$.;;$STRING_0_0$ endete mit unserer Kapitulation und dem unerwarteten Sieger $TAG_2_0$.;;;;;;;;;;;x 
CRISIS_START_TITLE2;Tensions Rise!;;Spannungen nehmen zu!;;;;;;;;x;;;
CRISIS_START_DESC_LONG2;Following months of increasing pressure, tensions in $STRING_0_0$ have reached a point where we have an international crisis on our hands. The Great Powers are trying to find a peaceful solution to prevent further escalation, but there are also some who seek to increase their influence. Frantic diplomatic activity is taking place as the Great Powers clamour for influence. If a resolution is not found, and as those on the side-lines take sides in the dispute, an incident in $STRING_0_0$ has the potential to develop into a general war.;;Nach Monaten zunehmendem Drucks haben die Spannungen in $STRING_0_0$ einen Punkt erreicht, der zu einem handfesten internationalen Konflikt wird. Die Großmächte suchen nach einer friedlichen Lösung, um eine weitere Eskalation zu verhindern, doch es gibt auch einige, die ihren Einfluß ausdehnen wollen. Panische diplomatische Handlungen finden statt, während die Großmächte mehr Einfluss fordern. Wenn keine Lösung gefunden wird, während zunehmend Außenstehende im Disput Seiten einnehmen, kann ein Vorfall in $STRING_0_0$ durchaus einen Krieg auslösen.;;;;;;;;x;;;
CRISIS_START_DESC_MEDIUM2;Great Powers are vying for influence in $STRING_0_0$, and tensions have risen dramatically in the region. A peaceful solution is being sought by the Great Powers in a bid to avoid any further escalation, but it remains to be seen whether conflict can be avoided.;;Großmächte wetteifern um Einfluss in $STRING_0_0$ und die Spannungen sind in der Region dramatisch angestiegen. Um jede weitere Eskalation zu vermeiden, suchen die Großmächte nach einer friedlichen Lösung, doch noch ist nicht sicher, ob ein Konflikt vermieden werden kann.;;;;;;;;x;;;
CRISIS_START_DESC_SHORT2;Tensions in $STRING_0_0$ have developed into a major crisis, as the Great Powers attempt to gain influence in the region. Frantic diplomatic activity is underway to try and avert war. ;;Spannungen in $STRING_0_0$ ufern in Konflikt aus, während Großmächte in der Region mehr Einfluss anstreben. Panische diplomatische Aktivitäten versuchen, einen Krieg zu verhindern.;;;;;;;;x;;;
CRISIS_END_TITLE2;Tensions Recede;;Spannungen nehmen ab;;;;;;;;x;;;
CRISIS_END_DESC_LONG2;There is widespread relief following the news that a peaceful solution has been arrived at in $STRING_0_0$, recently a diplomatic hot spot. <CrisisWinner++++++> has managed to increase their influence after securing the backing of the Great Powers. An International Conference successfully brought the crisis to an end following weeks of diplomatic manoeuvres. War has been averted for the time being, although there is not universal satisfaction with the outcome, and it remains to be seen whether another power will challenge <CrisisWinner++++++> in the future.;;Weltweite Erleichterung folgt auf die Nachricht, dass eine friedliche Lösung im diplomatischen Hexenkessel $STRING_0_0$ gefunden wurde. <CrisisWinner++++++> konnte mit dem Rückhalt der Großmächte seinen Einfluss erhöhen. Eine internationale Konferenz, nach Wochen voll diplomatischer Manöver, beendete den Konflikt erfolgreich. Für den Augenblick wurde ein Krieg verhindert, auch wenn nicht alle mit dem Ergebnis zufrieden sind. Es bleibt abzuwarten, ob eine andere Macht <CrisisWinner++++++> in der Zukunft herausfordern wird.;;;;;;;;x;;;
CRISIS_END_DESC_MEDIUM2;The international crisis in $STRING_0_0$ has reached a peaceful solution following a diplomatic conference of the Great Powers. <CrisisWinner++++++> has been able to increase their influence, without resorting to war. It remains to be seen whether this peace will last.;;Der internationale Konflikt in $STRING_0_0$ fand nach einer diplomatischen Konferenz der Großmächte eine friedliche Lösung. <CrisisWinner++++++> konnte seinen Einfluss erhöhen, ohne zu Kriegsmitteln greifen zu müssen. Es bleibt abzuwarten, ob der Frieden halten wird.;;;;;;;;x;;;
CRISIS_END_DESC_SHORT2;War has been averted as the crisis in $STRING_0_0$ has been resolved following a conference of the Great Powers. <CrisisWinner++++++> has successfully increased their influence ;;Ein Konflikt in $STRING_0_0$ wurde nach einer Konferenz der Großmächte gelöst und Krieg verhindert. <CrisisWinner++++++> konnte erfolgreich seinen Einfluss erhöhen.;;;;;;;;x;;;
OTHER_NEW_GP_DESC_LONG2;$TAG_0_1$ has been growing in status for a number of years, and has now risen to be considered one of the world Great Powers. The $TAG_0_1_ADJ$ reputation, enhanced by international acceptance of their status, has grown considerably, and we now expect $TAG_0_1$ push to extend their influence. $TAG_0_0$ has been unable to halt their recent decline, and are now widely considered to be a secondary power in world affairs. This loss of status will be keenly felt, and already their international influence has decreased markedly. ;;$TAG_0_1$ hat seinen Status seit einigen Jahren verbessert und zählt nun zu den Großmächten der Welt. Die $TAG_0_1_ADJ$e Reputation ist mit der internationalen Akzeptanz des neuen Status rapide gewachsen und es ist damit zu rechnen, dass $TAG_0_1$ seinen Einfluss weiter ausbauen will. $TAG_0_0$ konnte den Niedergang der letzten Zeit nicht aufhalten und wird nur noch als zweitrangige Macht in den Angelegenheiten des Weltgeschehens eingeordnet. Dieser Statusverlust hinterlässt seine Spuren und schon jetzt ist ihr internationaler Einfluss deutlich gesunken.;;;;;;;;x;;;
OTHER_NEW_GP_DESC_MEDIUM2;$TAG_0_1$ has been widely accepted as a Great Power by the international community. This recognises the steady growth in power of the state, but has not been universally welcomed. $TAG_0_0$ is now considered a mere secondary power, much to their dismay.;;$TAG_0_1$ wird weitgehend von der internationalen Gemeinschaft als Großmacht akzeptiert. Der stete Wachstum an Macht dieses Staates wird nicht überall begrüßt. $TAG_0_0$ gilt nur noch als zweitrangige Macht, sehr zu ihrem Missfallen.;;;;;;;;x;;;
OTHER_NEW_GP_DESC_SHORT2;The rising state of $TAG_0_1$ has displaced $TAG_0_0$ as a Great Power in the eyes of the international community, following shifts in status and international influence. ;;Der aufstrebende Staat $TAG_0_1$ hat $TAG_0_0$ in den Augen der internationalen Gemeinschaft nach Änderungen in Status und internationalem Einfluss als Großmacht abgelöst.;;;;;;;;x;;;
AI_LOVES_US_TITLE4;Warm Relations;;Wohlwollende Beziehungen;;;;;;;;x;;;
AI_LOVES_US_DESC4_LONG;Our correspondent has been told by his sources within the Foreign office that in the last few weeks, the leader of $TAG_0_0$ made a grand speech to his people praising our nation and the achievements of our people. It is believed that the speech is an attempt by $TAG_0_0$ to draw closer to our mighty nation and it we must response to these overtures with the courtesy typical of the $TAG_0_1_ADJ$ people. We praise these attempts and hope that they will lead to a continued period of collaboration between our two glorious countries.;;Vertrauliche Quellen des Außenministeriums sagten unserem Korrespondenten in den letzten Wochen, dass der Herrscher von $TAG_0_0$ vor seinem Volk eine große Lobrede auf unsere Nation und die Leistungen unseres Volkes hielt. Man nimmt an, dass $TAG_0_0$ mit dieser Rede näher an unsere große Nation heranrücken möchte und wir sollten den Lobeshymnen mit der typischen Höflichkeit des $TAG_0_1_ADJ$en Volkes begegnen. Wir schätzen diese Absicht sehr und hoffen, dass sie zu einer andauernden Phase der Zusammenarbeit zwischen unseren beiden glorreichen Ländern führen wird.;;;;;;;;x;;;
AI_LOVES_US_DESC4_MEDIUM;After a reportedly very productive meeting with our ambassador last week, a representative of the $TAG_0_0_ADJ$ people gave a speech on the steps of the Foreign office praising our nation and government, opening the door to a new dialogue of collaboration and partnership.;;Nach einem sehr produktiven Treffen mit unserem Botschafter letzte Woche, hielt ein Repräsentant des $TAG_0_0_ADJ$en Volkes auf den Stufen des Außenministeriums eine Lobrede auf unsere Nation und Regierung. Dies ermöglicht einen neuen Dialog der Zusammenarbeit und Partnerschaft.;;;;;;;;x;;;
AI_LOVES_US_DESC4_SHORT;A new era of Friendship between our nations has begun' These were the words of the $TAG_0_0_ADJ$ Ambassador as he spoke to assembled journalists following talks in the capital.;;Der  $TAG_0_0_ADJ$e Botschafter sagte zu versammelten Journalisten nach Gesprächen in der Hauptstadt: 'Eine neue Ära der Freundschaft hat zwischen unseren Nationen begonnen'.;;;;;;;;x;;;
RESEARCH_NEWS_TITLE_LARGE2;Breakthrough in $TAG_0_0$!;;Durchbruch in $TAG_0_0$!;;;;;;;;;x;;
RESEARCH_NEWS_LARGE2;$TAG_0_0_ADJ$ scientists have announced yesterday that after months of dedicated and focused research, a new breakthrough in the field of $STRING_0_1$ has been made. It is expected that the entrepreneurs and government of $TAG_0_0$ will soon start putting this newly acquired knowledge to good use, applying it in practical ways throughout the nation.;;$TAG_0_0_ADJ$e Wissenschaftler verkündeten gestern nach Monaten konzentrierter und engagierter Forschung einen bahnbrechenden Erfolg im $STRING_0_1$-Forschungsfeld. Es wird erwartet, dass Unternehmer und Regierung in  $TAG_0_0$ schon bald die neuen Erkenntnisse gewinnbringend in der gesamten Nation einsetzen.;;;;;;;;;x;;
RESEARCH_NEWS_TITLE_MEDIUM2;Breakthrough in $TAG_0_0$!;;Durchbruch in $TAG_0_0$!;;;;;;;;;x;;
RESEARCH_NEWS_MEDIUM2;$TAG_0_0_ADJ$ scientists have announced a breakthrough in the field of $STRING_0_1$. This new knowledge will soon be applied in practical ways, said one of the researchers.;;$TAG_0_0_ADJ$e Wissenschaftler verkündeten einen bahnbrechenden Erfolg im $STRING_0_1$-Forschungsfeld. Die neuen Erkenntnisse werten laut einem der Forscher schon bald gewinnbringend eingesetzt werden.;;;;;;;;;x;;
RESEARCH_NEWS_TITLE_SMALL2;Breakthrough in $TAG_0_0$!;;Durchbruch in $TAG_0_0$!;;;;;;;;;x;;
RESEARCH_NEWS_SMALL2;$TAG_0_0_ADJ$ scientists have recently announced a breakthrough in the field of $STRING_0_1$.;;$TAG_0_0_ADJ$e Wissenschaftler verkündeten kürzlich einen bahnbrechenden Erfolg im $STRING_0_1$-Forschungsfeld.;;;;;;;;;x;;
INVENTION_NEWS_TITLE_LARGE2;New patent!;;Neues Patent!;;;;;;;;;;;x
INVENTION_NEWS_LARGE2;Science Report: Improvements and innovations in the field of $STRING_0_1$ have been patented and registered by researchers in $TAG_0_0$. The documentation of these advancements, although currently a secret kept behind closed doors, is expected to progressively spread to other lands and in time contribute to the progress of science in the world. ;;Forschungsbericht: Verbesserungen und Innovationen im Feld von $STRING_0_1$ wurden von Forschern in $TAG_0_0$ patentiert und eingetragen. Es wird damit gerechnet, dass die Dokumentation dieser Fortschritte trotz bisheriger strenger Geheimhaltung in anderen Ländern weite Verbreitung finden wird und dem wissenschaftlichen Fortschritt der gesamten Welt nutzen wird.;;;;;;;;;;;x
INVENTION_NEWS_TITLE_MEDIUM2;New patent!;;Neues Patent!;;;;;;;;;;;x
INVENTION_NEWS_MEDIUM2;Improvements and innovations in the field of $STRING_0_1$ have been registered in the National Patent Office of $TAG_0_0$. ;;Verbesserungen und Innovationen im Feld von $STRING_0_1$ wurden im Nationalen Patentamt in $TAG_0_0$ eingetragen.;;;;;;;;;;;x
INVENTION_NEWS_TITLE_SMALL2;New patent!;;Neues Patent!;;;;;;;;;;;x
INVENTION_NEWS_SMALL2;New improvements and innovations in the field of $STRING_0_1$ have been patented in $TAG_0_0$. ;;Neue Verbesserungen und Innovationen im Feld von $STRING_0_1$ wurden in $TAG_0_0$ patentiert.;;;;;;;;;;;x 
EDITORIAL_ABSMON;Editorial: why it is right and proper to hate anti-legitimists - providence itself demands it! Why, these neer-do-wells would have the peasant rabble govern themselves (see page 10) ;;Redaktionelles: warum es richtig und angemessen ist, Anti-Legitimisten zu hassen  die Weitsicht verlangt es!Tunichtgute würden Bauerngesindel sich selbst regieren lassen (weiter auf S. 10);;;;;;;;;x;;
EDITORIAL_PRUCON;Editorial: why it is right to hate reformists of every stripe - the natural order demands it! Why, these liberal speculators and cosmopolitans would run our nation as a whorehouse (see page 10);;Redaktionelles: warum es richtig ist, Reformisten aller Couleur zu hassen  die Natur gebietet es! Liberale Spekulanten und Kosmopoliten würden unsere Nation wie Bordell führen (mehr auf S. 10);;;;;;;;;x;;
EDITORIAL_CONMON;Editorial: why it is right to hate republicans - stability demands it! Why, without a figurehead to smile benevolently upon us, intrigue and the guillotine will destroy us all (page 10);;Redaktionelles: warum es richtig ist, Republikaner zu hassen  Stabilität verlangt es! Ohne gütig auf uns herablächelnden Repräsentanten werden Intrigen und Guillotine unser Ende sein (S. 10);;;;;;;;;x;;
EDITORIAL_DEMOCRACY;Editorial: why it is right to hate revolutionaries of every stripe - because they cannot be bribed! Why, men of such zeal and ridgid doctrinism show no respect for the rule of law (pg. 10);;Redaktionelles: warum es richtig ist, Revolutionäre aller Couleur zu hassen  sie sund unbestechlich! Männer mit solchem Eifer und starren Doktrinen haben keinerlei Respekt vor Gesetz (S. 10);;;;;;;;;x;;
EDITORIAL_PRESDICT;Editorial: why it is right to hate subversives  the President demands it! Why, these criminals only yesterday crudely vandalised a marble statue of his Excellency in the capital (see page 10);;Redaktionelles: warum es richtig ist, Staatsfeinde zu hassen  Präsident verlangt es! Erst gestern haben diese Kriminellen Statue Seiner Exzellenz in Hauptstadt schändlich vandalisiert (S. 10);;;;;;;;;x;;
EDITORIAL_BOURDICT;Editorial: why it is right to hate the poor  your own rational self-interest demands it! Why, these parasitic gutter people choose to be poor. Show pity to them at your peril. (see page 10);;Redaktionelles: warum es richtig ist, die Armen zu hassen  der rationale Egoismus verlangt es! Dieser parasitäre Abschaum hat die Armut gewählt. Mitleid auf eigenes Risiko. (mehr auf S. 10);;;;;;;;;x;;
EDITORIAL_PROLDICT;Editorial: why it is right to hate the parasites  the party demands it! Why, even the lowliest village baker is an exploiter of the masses. Eradicating the rich will free us all (see page 10);;Redaktionelles: warum es richtig ist, Parasiten zu hassen  die Partei verlangt es! Selbst kleinster Dorfbäcker nutzt Massen aus. Die Reichen auszumerzen, wird uns befreien (mehr auf S. 10).;;;;;;;;;x;;
EDITORIAL_FASCDICT;Editorial: why it is right to hate the parasites  the party demands it! Why, even the lowliest village baker is an exploiter of the masses. Eradicating the rich will free us all (see page 10);;Redaktionelles: warum es richtig ist, Parasiten zu hassen  die Partei verlangt es! Selbst kleinster Dorfbäcker nutzt Massen aus. Die Reichen auszumerzen, wird uns befreien (mehr auf S. 10).;;;;;;;;;x;;
FAKE_UNKNOWN;Promising new writer Ellis Bell has written a fascinating look into matters of love in the moors of Yorkshire in Wuthering Heights. We look forward to seeing more from this young man.;;Der junge Schriftsteller Ellis Bell schrieb faszinierende Einsichten in Liebesdinge im Moor von Yorkshire in Wuthering Heights. Wir freuen uns auf weitere Arbeiten dieses jungen Mannes.;;;;;;;;;x;;
FAKE_UNKNOWN;Literary scandal! Wuthering Heights writer Ellis Bell is in fact a woman named Emily Brontë! The novel's popularity continues unabated as the petticoats of London sigh for Heathcliff.;;Literaturskandal! Wuthering Heights Autor Ellis Bell ist in Wirklichkeit eine Frau namens Emily Brontë! Popularität des Romans ungebrochen, Londons Frauenherzen schmachten nach Heathcliff.;;;;;;;;;x;;
FAKE_UNKNOWN;Richard Francis Burton, translator of The Thousand and one Nights and Kama Sutra, has infiltrated the hajj in Mecca. For his exclusive account of his travels, see p10.;;Der Übersetzer von Tausendundeine Nacht und dem Kamasutra, Richard Francis Burton, infiltrierte den Haddsch in Mekka. Exklusiver Reisebericht auf Seite 10.;;;;;;;;;x;;
FAKE_UNKNOWN;Actress Virginia Rappe found dead in Fatty Arbuckle's New York hotel suite. It is time to rein in the Hollywood playboys and their degenerate films before they ruin our nation's moral values.;;Schauspielerin Virginia Rappe tot in Fatty Arbuckles Hotelsuite in New York aufgefunden. Zeit, die Playboys und dekadenten Filme Hollywoods zu zügeln, oder die Moral der Nation geht zugrunde.;;;;;;;;;x;;
FAKE_UNKNOWN;George Gershwin's new composition Rhapsody in Blue mixes classical and jazz stylings to create a sophisticated-yet-playful bridge of old and new sounds befitting of our modern era.;;George Gershwins neue Komposition Rhapsody in Blue vermischt klassische Elemente mit Jazz, um eine verspielte Brücke zw. alter und neuer Musik zu schlagen, die zu unserer modernen Zeit passt.;;;;;;;;;x;;
FAKE_UNKNOWN;F. Scott and Zelda Fitzgerald depart New York to seek a brighter future in the American expatriate community in Paris. It seems all the most talented Americans end up in Paris eventually.;;F. Scott und Zelda Fitzgerald verlassen New York, um eine bessere Zukunft in der amerik. Gemeinschaft in Paris zu suchen. Scheinbar landen alle talentierten Amerikaner neuerdings in Paris.;;;;;;;;;x;;
FAKE_UNKNOWN;In yet another unintended side effect of the Volstead Act's prohibition of alcohol, Americans are pioneering a variety of new cocktails in an attempt to make bootleg alcohol palatable.;;Ein weiterer Seiteneffekt des Alkoholverbots des Valstead Acts: Amerikaner sind wegweisend in der Erfindung neuer Cocktails, um schwarzgebrannten Alkohol trinkbar zu machen.;;;;;;;;;x;;
FAKE_Cthulhu;Ph'nglui mglw'nafh Cthulhu R'lyeh wgah'nagl fhtagn;;Ph'nglui mglw'nafh Cthulhu R'lyeh wgah'nagl fhtagn;;;;;;;;;x;;
some_fake_1836_title_12;Cherry Blossoms;;Kirschblüten;;;;;;;;;;;x
some_fake_1836_12;Japanese government decides the new national colour will be that of a cherry blossom, for it best represents this marvellous country's national character. Calling it 'pink' is outlawed.;;Regierung Japans wählt die Farbe von Kirschblüten als neue Nationalfarbe, die den wunderbaren Charakter der Nation am besten wiederspiegelt. Es ist verboten, die Farbe 'rosa' zu nennen.;;;;;;;;;;;x 
some_fake_1836_title_13;The Good River;;Der gute Fluss;;;;;;;;;;;x
some_fake_1836_13;A team of expert American cartographers deliver the most accurate drawings of the 'good' Ohio River to date, to be included in future local and international maps. More rivers to follow.;;Team amerik. Kartographie-Experten präsentiert aktuellste Zeichnungen des 'guten' Ohio-Flusses, die in nationalen und internationalen Karten verwendet werden. Weitere Flüsse werden folgen.;;;;;;;;;;;x
some_fake_1836_title_14;Jan Mayen;;Jan Mayen;;;;;;;;;;;x
some_fake_1836_14;Inexplicably high numbers of migrants are reported to have moved recently to the barren island of Jan Mayen in the Arctic Ocean. 'We were tired of all that noise' revealed one of the pioneers.;;Unglaublich viele Migranten sind laut Berichten kürzlich auf die karge Insel Jan Mayen im Arktischen Ozean gezogen. 'Wir hatten den Lärm satt', sagte einer der Pioniere.;;;;;;;;;;;x 
some_fake_1880_title_8;Lunatics Act;;Geisteskranken-Verordnung;;;;;;;;;;;x
some_fake_1880_8;Recent legislation requires ship owners to pay a fine should their arriving vessel discharge into the ports of this country a person or persons assessed as lunatics, idiots or convicts.;;Neue Gesetzesverordnung belegt Schiffseigner mit einer Geldstrafe, wenn sie Menschen die geisteskrank, Idioten oder Sträflinge sind, mit ihrem Schiff in die Häfen dieses Landes entladen.;;;;;;;;;;;x 
some_fake_1890_title_8;Lucky 55;;Die Glücklichen 55;;;;;;;;;;;x
some_fake_1890_8;Fifty four confirmed winners of the state lottery to split between themselves a record amount of prize money. 'I can't find my ticket!', complains the hapless fifty fifth.;;54 bestätigte Gewinner der Staatslotterie teilen sich Rekordgewinn. 'Ich kann mein Los nicht finden!', beklagt der unglückliche 55. Gewinner.;;;;;;;;;;;x 
some_fake_1910_title_11;Dreadnought hoax;;Schlachtschiff-Humbug;;;;;;;;;;;x
some_fake_1910_11;A group of young artistocrats, disguised with turbans and blackened faces as a party of Abyssinian princes, trick their way into the Royal Navy's flagship for a private tour of the vessel.;;Gruppe junger Aristokraten, verkleidet als Delegation des abessinischen Prinzen, mit Turbanen und geschwärzten Gesichtern, erschwindelt private Führung durch Flagschiff der königl. Marine.;;;;;;;;;;;x 
some_fake_1910_title_12;Radios Killing Culture?;;Zerstören Radios die Kultur?;;;;;;;;;;;x
some_fake_1910_12;The radio has recently come about, causing concerns that it will kill society and socialization. Proponents say only thought-provoking and intelligent broadcasts will be considered.;;Mit Einführung des Radios wächst die Sorge um den Fortbestand der Gesellschaft und Sozialisation. Befürworter betonen, dass nur zum Nachdenken anregende, intelligente Sendungen geplant werden.;;;;;;;;;;;x 
some_fake_1910_title_13;Revolt of the Lash;;Der Peitschen-Aufstand;;;;;;;;;;;x
some_fake_1910_13;Black crewmen of the Brazilian Navy mutiny against their white officers. They threaten to fire upon Rio de Janeiro if racial abuse and physical violence against lower ranks are not abolished.;;Schwarze Besatzung der brasil. Marine meutert gegen ihre weißen Offiziere. Sie fordern Ende der Rassendiskriminierung und körperlichen Gewalt gg. Untergebene oder Rio de Janeiro werde brennen.;;;;;;;;;;;x 
some_fake_1920_title_13;Men's Dress Reform Party;;Partei zur Reform von Männerkleidung;;;;;;;;;;;x
some_fake_1920_13;New movement urges men to dress more beautifully and hygienically. 'Most members wish for shorts, a few for the kilt, nearly all hate trousers.' The MDRP also opposes the wearing of hats.;;Neue Bewegung fordert Männer zu ansehnlicherer und sauberer Kleidung auf. 'Viele Mitglieder wünschen sich kurze Hosen, manche Kilts, fast alle hassen lange Hosen.' MDRP lehnt auch Hüte ab.;;;;;;;;;;;x
dino_fake_1830_title_1;Ornithichnology;;Ornithichnologie;;;;;;;;;; ;x
dino_fake_1830_1;Prof. Hitchcock reports fossil tracks of birds discovered near the Connecticut river in Massachusetts. Some of the foot marks indicate that they were made by some enormous species of bird...;;Prof. Hitchcock meldet Entdeckung von Fossilienspuren von Vögeln nahe des Connecticut-Flusses, Massachusetts. Einige Spuren deuten auf riesige Vogelart hin;;;;;;;;;;;x
dino_fake_1830_title_2;Plateosaurus;;Plateosaurus;;;;;;;;;;;x
dino_fake_1830_2; In honour of Dr. Engelhardt, original discoverer of the remains, Dr. von Meyer named a new giant saurian as Plateosaurus engelhardti. It seems to be related to Iguanodon and Megalosaurus.;; Zu Ehren des Entdeckers Dr. Engelhardt nannte Dr. von Meyer einen neuen riesigen Saurier 'Plateosaurus engelhardti'. Er scheint mit Iguanodon und Megalosaurus verwandt zu sein.;;;;;;;;;;;x
dino_fake_1830_title_3;Thecodontosaurus;;Thecodontosaurus;;;;;;;;; ;;x
dino_fake_1830_3;This unusual saurian has teeth in its sockets instead of having them fused to the jaw like modern reptiles, say Dr. Riley and Dr. Stutchbury, the describers of this lizard.;;Dieser ungewöhnliche Saurier besaß Zähne in Zahnhöhlen, nicht wie moderne Reptilien direkt mit dem Kiefer verbundene, wie Dr. Rilez und Dr. Stutchbury, Entdecker der Eidechse, sagen.;;;;;;;;;;;x
dino_fake_1830_title_4;Poekilopleuron;;Poekilopleuron;;;;;;;;;;; x
dino_fake_1830_4;Dr. Eudes-Deslongchamps resports on a new saurian known from vertebrae, ribs and limbs. He thinks this animal is related to the Megalosaurus.;;Dr. Eudes-Deslongchamps meldet aufgrund von Wirbel-, Rippen- und Gliedmaßen-Funden einen neuen Saurier. Er glaubt, das Tier ist mit dem Megalosaurus verwandt.;;;;;;;;;;;x
dino_fake_1840_title_1;Dinosauria;;Dinosauria;;;;;;;;;;;x
dino_fake_1840_1; Dinosauria is the name Prof. Owen proposed for the tribe of Saurians that include Megalosaurus, Hylaeosaurus and Iguanodon. These dinosaurians are remarkable for their large size.;; Prof. Owen schlug für die Sauriergattung, der Megalosaurus, Hylaeosaurus und Iguanodon angehören, den Namen Dinosauria vor. Ihre Größe ist bemerkenswert.;;;;;;;;;;;x
dino_fake_1840_title_2;Cetiosaurus;;Cetiosaurus;;;;;;;;;;;x
dino_fake_1840_2; A new giant fossil sea-dwelling reptilian was discovered. Prof. Owen named it Cetiosaurus, which means whale lizard.;; Neue Entdeckung eines riesigen, aquatischen Reptil-Fossils. Prof. Owen nannte es Cetiosaurus, was Wal-Echse bedeutet.;;;;;;;;;;;x
dino_fake_1840_title_3;Cardiodon;;Cardiodon;;;;;;;;;;;x
dino_fake_1840_3;A single heart shaped tooth was discovered in Wiltshire, England. After analyzing it Prof. Owen decided to give it the name of Cardiodon.;;Ein einzelner, herzförmiger Zahn wurde in Wiltshire, England entdeckt. Prof. Owen entschloss sich nach seiner Analyse, ihn Cardiodon zu taufen.;;;;;;;;;;;x
dino_fake_1840_title_4;Regnosaurus;;Regnosaurus;;;;;;;;;;;x
dino_fake_1840_4;After some jaws of the Iguanodon were discovered, Dr. Mantell assumed his error in a previously assigned portion of a jaw to this beast and now described it as a separate species.;;Nach dem Fund einiger Kieferknochen des Iguanodons vermutete Dr. Mantell einen Fehler in seiner vorherigen Zuordnung eines Kiefers zu diesem Biest und beschreibt ihn nun als separate Spezies.;;;;;;;;;;;x
dino_fake_1840_title_5;Dinosauria?;;Dinosauria?;;;;;;;;;;;x
dino_fake_1840_5;Biologist Richard Owen creates first life-size concrete sculptures of extinct gigantic reptiles, fossils of which were discovered in South Africa and New Zealand. He calls them 'dinosauria'.;;Biologe Richard Owen erstellt erste lebensgroße Skulpturen von ausgestorbenen, gigantischen Reptilien, deren Fossilien in Südafrika und Neuseeland entdeckt wurden. Er nennt sie 'Dinosauria'.;;;;;;;;;;;x
dino_fake_1850_title_1;Dinosaurians in America;;Dinosaurier in Amerika;;;;;;;;;;;x
dino_fake_1850_1;Dr. Leidy has described two new dinosaurians from America, named Trachodon and Deinodon. Other undeterminate lacertians named Palaeoscincus and Troodon were also discovered.;;Dr. Leidy beschrieb zwei neue Dinosaurier aus Amerika, namens Trachodon und Deinodon. Weitere untergeordnete Echsen namens Palaeoscincus und Troodon wurden ebenfalls entdeckt.;;;;;;;;;;;x
dino_fake_1850_title_2;Hadrosaurus;;Hadrosaurus;;;;;;;;;;;x
dino_fake_1850_2;This new dinosaurian appears to be related to the Iguanodon. Dr. Leidy suspects the animal sustained itself in a bipedal erect posture.;;Dieser neue Dinosaurier scheint mit dem Iguanodon verwandt zu sein. Dr. Leidy vermutet bei dem Tier einen aufrechten Gang auf zwei Beinen.;;;;;;;;;;;x
dino_fake_1860_title_1;Compsognathus;;Compsognathus;;;;;;;;;;;x
dino_fake_1860_1;A new species of saurian was found and was named Compsognathus. Dr. Wagner says the lizard reminds us somewhat of birds but such relationship cannot be justified.;;Neue Saurierspezies entdeckt und Compsognathus getauft. Dr. Wagner sagt, die Echse erinnere fern an Vögel, doch ein solcher Bezug sei nicht erwiesen.;;;;;;;;;;;x
dino_fake_1860_title_2;Archaeopteryx;;Archaeopteryx;;;;;;;;;;;x
dino_fake_1860_2;A finely fossilized feather was discovered and Dr. von Meyer named it Archaeopteryx which means ancient feather or wing.;;Ein perfektes Fossil einer Feder wurde entdeckt und Dr. Wagner taufte sie Archaeopteryx, was für eine altertümliche Feder oder einen Flügel steht.;;;;;;;;;;;x
dino_fake_1860_title_3;johnstoni, Astrodon johnstoni!;;johnstoni, Astrodon johnstoni!;;;;;;;;;;;x
dino_fake_1860_3;After Dr. Johnston named some saurian teeth as Astrodon, Dr. Leidy now completes the name and gives it a specific epithet in his honour.;;Nachdem Dr. Johnston einige Saurierzähne als Astrodon bezeichnete, vollendet Dr. Leidy nun den Namen zu dessen Ehren mit diesem spezifischen Beinamen.;;;;;;;;;;;x
dino_fake_1860_title_4;Laelaps;;Laelaps;;;;;;;;;;;x
dino_fake_1860_4;Professor Cope announces the discovery of a terrifying rapacious gigantic dinosaur related to Megalosaurus and Dinodon.;;Professor Cope verkündet die Entdeckung eines furchterregenden, räuberischen, riesigen Dinosauriers, der mit Megalosaurus und Dinodon verwandt ist.;;;;;;;;;;;x
dino_fake_1860_title_5;Elasmosaurus;;Elasmosaurus;;;;;;;;;;;x
dino_fake_1860_5;E.D. Cope reports on a new enaliosaur related to the Plesiosaurus, but with a much longer tail.;;E.D. Cope meldet einen neuen Enaliosaurus, der mit dem Plesiosaurus verwandt ist, aber einen viel längeren Schwanz hat.;;;;;;;;;;;x
dino_fake_1860_title_6;Archaeopteryx;;Archaeopteryx;;;;;;;;;;;x
dino_fake_1860_6;Archaeopteryx fossils discovered in Bavaria. Described as 'the first bird' and 'the missing link between dinosaurs and birds', it constitutes the proof Darwin needed to validate his theory.;;Archaeopteryx-Fossilien in Bayern gefunden. Die 'ersten Vögel' bilden 'fehlende Verbindung zwischen Dinosauriern und Vögeln' und liefern den Beweis, den Darwin für seine Theorie brauchte.;;;;;;;;;;;x
dino_fake_1860_title_7;Hypselosaurus;;Hypselosaurus;;;;;;;;;;;x
dino_fake_1860_7;Mr. Matheron reports on vertebrae and giant egg fragments from a likely aquatic saurian he names Hypselosaurus from the Fuveau basin.;;Mr. Matheron meldet Funde von Wirbelknochen und gigantischen Eifragmenten eines womöglich aquatischen Sauriers im Fuveau-Becken, den er Hypselosaurus taufte.;;;;;;;;;;;x
dino_fake_1870_title_1;WAR!;;KRIEG!;;;;;;;;;;;x
dino_fake_1870_1;After Dr. Marsh reported openly to the public Dr. Copes error in placing Elasmosaurus head in its tail they have become sworn enemies and a ferocious scientific competition has now started.;;Dr. Marshs Veröfentlichung, dass Dr. Cope den Kopf des Elasmosaurus irrtümlich am Schwanzende anbrachte, machte sie zu Erzrivalen und ein erbitterter wissenschaftl. Wettstreit hat begonnen.;;;;;;;;;;;x
dino_fake_1870_title_2;More on Archaeopteryx;;Mehr zum Archaeopteryx;;;;;;;;;;;x
dino_fake_1870_2;New fossils of the primitive bird Archaeopteryx show shocking reptilian features as claws and teeth. Evolutionists are making a big deal of these findings and call it a missing link.;;Neue Fossilien des primitiven Vogels Archaeopteryx zeigen schockierende Reptilienmerkmale wie Klauen und Zähne. Evolutionisten reißen sich um die Entdeckung, sie sei ein fehlender Link.;;;;;;;;;;;x
dino_fake_1870_title_3;Prof. Huxleys Insanity!;;Prof. Huxleys Wahnsinn!;;;;;;;;;;;x
dino_fake_1870_3;Many prominent palaeontologists are fearing for Prof. Huxleys mental state after he proposed another ridiculous evolutionary claim: he says reptilian dinosaurians and birds are related!;;Viele bekannte Paläontologen fürchten um Prof. Huxleys Geisteszustand, nachdem er eine weitere lächerliche Evolutionstheorie vortrug: er sagt, reptilische Dinosaurier und Vögel sind verwandt!;;;;;;;;;;;x
dino_fake_1870_title_4;Stegosaurus;;Stegosaurus;;;;;;;;;;;x
dino_fake_1870_4;A new kind of weird and enormous turtle was discovered in the North American West. Prof. Marsh called it Stegosaurus, meaning roofed lizard.;;Eine neue Art einer merkwürdigen, gigantischen Schildkröte wurde im Westen Nordamerikas entdeckt. Prof. Marsh nennt sie Stegosaurus, was soviel wie überdachte Eidechse heisst.;;;;;;;;;;;x
dino_fake_1870_title_5;Pteranodon;;Pteranodon;;;;;;;;;;;x
dino_fake_1870_5;A breakthrough discovery by O.C. Marsh. Airborne creatures fossils of which were found in North America, unlike any other species of pterosaurian, seem to had lacked teeth entirely.;;Bahnbrechende Entdeckung von O.C. Marsh. In Nordamerika gefundene Fossilien von fliegenden Kreaturen hatten, im Gegensatz zu anderen Pterosaurus-Arten, keine Zähne.;;;;;;;;;;;x
dino_fake_1870_title_6;Agathaumas;;Agathaumas;;;;;;;;;;;x
dino_fake_1870_6;Buried in a coal formation in Wyoming lied 'the wreck of one of the princes among giants', as E.D. Cope described of what was undoubtedly the largest land animal known to date.;;Laut E.D. Cope liegt in einer Kohleformation in Wyoming 'das Wrack eines Prinzen unter den Giganten', zweifelsohne das bislang größte, entdeckte Landtier.;;;;;;;;;;;x
dino_fake_1870_title_7;Bridger Basin works;;Arbeiten in Bridger Basin;;;;;;;;;;;x
dino_fake_1870_7;Marsh, Cope and Leidy move their excavation work to the Bridger Basin area in Wyoming. Their camps mere miles apart, top three paleontologists are reported to never speak with one another.;;Marsh, Cope und Leidy verlagern Ausgrabungsarbeiten nach Bridger Basin, Wyoming. Trotz benachbarter Lager wechseln die drei führenden Paläontologen kein Wort miteinander.;;;;;;;;;;;x
dino_fake_1870_title_8;Vote of no confidence;;Misstrauensvotum;;;;;;;;;;;x
dino_fake_1870_8;Professor Marsh is elated over his election to the prestigious National Academy of Sciences. Professor Cope is reported to have been the only member of the academy to cast a 'no' vote.;;Professor Marsh erfreut über seine Wahl in anerkannte Nationale Akademie der Wissenschaften. Laut Meldungen votierte Professor Cope als einziges Akademiemitglied mit 'Nein'.;;;;;;;;;;;x
dino_fake_1870_title_9;Hesperornis;;Hesperornis;;;;;;;;;;;x
dino_fake_1870_9;Professor Marsh announces discovery of Hesperornis, a tall and almost wingless aquatic volucrine propelling with powerful hind legs and using his toothed beak to snatch underwater prey.;;Professor Marsh verkündet Entdeckung des Hesperornis, eine große, fast flügellose Seekreatur, mit kraftvollen Hinterläufen und einem Schnabel mit Zähnen, für die Beutejagd unter Wasser.;;;;;;;;;;;x
dino_fake_1870_title_10;Marsh among the Sioux;;Marsh bei den Sioux;;;;;;;;;;;x
dino_fake_1870_10;In their boldest excursion to date, professor Marsh and his party cross the Sioux territory to reach the most promising excavation sites in the White River Badlands in South Dakota.;;Bei der bislang gewagtesten Exkursion dringen Prof. Marsh und sein Team in Gebiet der Sioux vor, um vielversprechende Ausgrabungsorte in den White River Badlands, South Dakota, zu erreichen.;;;;;;;;;;;x
dino_fake_1870_title_11;Marsh's camp raided!;;Überfall auf Marshs Lager!;;;;;;;;;;;x
dino_fake_1870_11;O.C. Marsh and his group are reported to have barely escaped an Indian war party raid against their camp. Their hasty retreat didn't hinder securing of nearly two tonnes of excavated bones.;;Laut Meldungen entkamen O.C. Marsh und seine Gruppe nur knapp einem indianischen Raubzug gegen ihr Lager. Trotz übereilter Flucht konnten fast 2 Tonnen ausgegrabener Knochen gesichert werden.;;;;;;;;;;;x
dino_fake_1870_title_12;Vertebrate galore;;Wirbeltiere im Überfluss;;;;;;;;;;;x
dino_fake_1870_12;Professor Cope reports from the San Juan River area, where he discovered dozens of new vertebrate species after departing from the geological survey expedition he had been attached to.;;Prof. Cope berichtet nach seiner Rückkehr von der geologischen Expedition, an der er teilgenommen hatte, von der Entdeckung dutzender, neuer Wirbeltierarten in der Gegend des San Juan-Flusses.;;;;;;;;;;;x
dino_fake_1870_title_13;Como Bluff;;Como Bluff;;;;;;;;;;;x
dino_fake_1870_13;O.C. Marsh discloses two of his agents uncovered bones as thick and as long as logs at the excavation in Como Bluff, Wyoming. Diplodocus and Allosaurus among many newly discovered species.;;O.C. Marsh meldet die Ausgrabung von Knochen, so dick und lang wie Baumstämme, durch zwei Mitarbeiter in Como Bluff, Wyoming. Neben Diplodocus und Allosaurus auch viele neue Arten.;;;;;;;;;;;x
dino_fake_1880_title_1;Brontosaurus?;;Brontosaurus?;;;;;;;;;;; x
dino_fake_1880_1;Dug up and assembled by palaeontologist O.C. Marsh, to the untrained eye, Brontosaurus looks suspiciously similar to the already known Apatosaurus. His skull is completely different, though.;;Der von Paläontologe O.C. Marsh ausgegrabene und zusammengesetzte Brontosaurus sieht dem bekannten Apatosaurus verdächtig ähnlich. Der Schädel ist jedoch komplett anders.;;;;;;;;;;;x
dino_fake_1880_title_2;Equine fraud?;;Pferde-Betrug?;;;;;;;;;;;x
dino_fake_1880_2;E.D. Cope accuses O.C. Marsh of stealing Kowalevsky's research into the genealogy and evolution of the horse. 'What is new in it, isn't correct, what is correct isn't new', he concludes.;;E.D. Cope beschuldigt O.C. Marsh, Kowalevskys Forschungen zu Abstammung und Evolution der Pferde gestohlen zu haben. 'Die neuen Informationen sind falsch, die richtigen nicht neu', beklagt er.;;;;;;;;;;;x
dino_fake_1880_title_3;Marsh's repartee;;Marsh kontert;;;;;;;;;;;x
dino_fake_1880_3;Kowalevsky was at least stricken with remorse and ended his unfortunate career by blowing out his brains. Cope still lives unrepentant', writes O.C. Marsh in response to his rival's attacks.;;O.C. Marsh schrieb als Antwort auf die Attacken seiner Rivalen: 'Kowalevsky hat zumindest Gewissensbisse und beendete seine missliche Karriere mit einer Kugel. Cope lebt ohne Reue weiter.';;;;;;;;;;;x
dino_fake_1880_title_4;Cope's Bible;;Copes Bibel;;;;;;;;;;;x
dino_fake_1880_4;Professor E.D. Cope publishes his life's work - 'The Vertebrata of the Tertiary Formations of the West', a thousand pages long volume offering the most comprehensive study of the subject.;;Prof. E.D. Cope veröffentlicht sein Lebenswerk  'Wirbeltiere der Tertiär-Formationen im Westen', eine tausend Seiten umfassende, umfangreiche Untersuchung des Themas.;;;;;;;;;;;x
dino_fake_1880_title_5;Cope's Marshiana;;Copes Marshiana;;;;;;;;;;;x
dino_fake_1880_5;Cope gathers a copious account of Marsh's scientific errors and unethical practices by interviewing his former and present employees, to be used to ruin Marsh's scientific reputation.;;Cope sammelt umfangreiches Material zu Marshs wissenschaftlichen Fehlern und unethischen Praktiken durch Interviews mit früheren und aktuellen Mitarbeitern, um Marshs Reputation zu ruinieren.;;;;;;;;;;;x
dino_fake_1880_title_6;Iguanodon, Iguanodon everywhere!;;Iguanodons, überall Iguanodons!;;;;;;;;;;;x
dino_fake_1880_6;In the town of Bernissart an enormous quantity of these dinosaurians was discovered. Dr. Dollo studied them and concluded the animal was a biped, like Dr. Mantell proposed many years ago.;;Enorme Anzahl dieser Dinosaurier in der Stadt Bernissart entdeckt. Dr. Dollo kommt in Studien zu dem Schluss, dass das Tier zweibeinig lief, wie Dr. Mantell vor einigen Jahren vermutete.;;;;;;;;;;;x
dino_fake_1880_title_7;The Classification of Dinosauria;;Die Klassifizierung von Dinosauria;;;;;;;;;;;x
dino_fake_1880_7;After some previous classifications, Prof. Seeley has now proposed that dinosaurians should be classified according to their pelvis. Two groups then emerge, Saurischia and Ornitischia.;;Nach vorhergehenden Klassifizierungen schlug Prof. Seeley nun vor, Dinosaurier aufgrund ihres Beckenbaus einzuordnen. Dies führt zu zwei Gruppen: Saurischia und Ornitischia.;;;;;;;;;;;x
dino_fake_1880_title_8;News on Stegosaurus;;Neues vom Stegosaurus;;;;;;;;;;;x
dino_fake_1880_8;After more material has been found for Stegosaurus Prof. Marsh now thinks the animal is instead a new unusual kind of dinosaur.;;Mit dem Fund weiteren Materials glaubt Prof. Marsh nun, dass der Stegosaurus eine neue, ungewöhnliche Dinosaurierart ist.;;;;;;;;;;;x
dino_fake_1880_title_9;Sauropods;;Sauropoden;;;;;;;;;;;x
dino_fake_1880_9;This new group of dinosaurs exceeds by far the size of the largest land animals known. Atlantosaurus, Titanosaurus, Morosaurus, Apatosaurus and Diplodocus are some of them.;;Diese neue Dinosaurier-Gruppe überragt alle bekannten Landtiere bei Weitem in Körpergröße. Atlantosaurus, Titanosaurus, Morosaurus, Apatosaurus und Diplodocus sind einige von ihnen.;;;;;;;;;;;x
dino_fake_1880_title_10;Ceratops;;Ceratops;;;;;;;;;;;x
dino_fake_1880_10;A new kind of horned dinosaur was discovered by Prof. Marsh. This animal shows that the diversity of these great saurians is bigger than suspected.;;Neue Art gehörnter Dinosaurier von Prof. Marsh entdeckt. Das Tier beweist, dass die Artenvielfalt dieser riesigen Saurier größer ist als angenommen.;;;;;;;;;;;x
dino_fake_1880_title_11;Allosaurus;;Allosaurus;;;;;;;;;;;x
dino_fake_1880_11;This big carnivorous dinosaur surely did come out from some nightmare. The skull with its big teeth is terrifying, Prof. Marsh reports.;;Dieser große, fleischfressende Dinosaurier entsprang sicher einem Albtraum. Der Schädel mit seinen riesigen Zähnen ist angsteinflößend, sagt Prof. Marsh.;;;;;;;;;;;x
dino_fake_1880_title_12;Ceratosaurus;;Ceratosaurus;;;;;;;;;;;x
dino_fake_1880_12;The discovery of ankylosed (fused) metatarsal bones of a dinosaur called Ceratosaurus brings birds and dinosaurs closer together, O.C. Marsh says.;;Die Entdeckung ankylosierter (verschmolzener) Mittelfußknochen eines Dinosauriers namens Ceratosaurus bringt Vögel und Dinosaurier, laut O.C. Marsh, näher zusammen.;;;;;;;;;;;x
dino_fake_1880_title_13;Coelophysis;;Coelophysis;;;;;;;;;;;x
dino_fake_1880_13;Prof. Cope reports on a new species of dinosaur named Coelophysis, which means hollow form, a characteristic of the bones of dinosaurians.;;Prof. Cope meldete eine neue Dinosaurierspezies namens Coelophysis, was soviel wie hohle Form bedeutet, ein Charaktermerkmal von Dinosaurierknochen.;;;;;;;;;;;x
dino_fake_1880_title_14;Amphicoelias fragillimus;;Amphicoelias fragillimus;;;;;;;;;;;x
dino_fake_1880_14;Prof. Cope described a new species of dinosaur named Amphicoelias fragillimus. The dimensions of the vertebra and the femur are so big that the true size of the beast should remain unknown.;;Prof. Cope beschrieb eine neue Dinosaurierspezies namens Amphicoelias fragillimus. Wirbel- und Oberschenkelknochen sind so riesig, dass die wahre Größe dieser Bestie nicht erahnt werden kann.;;;;;;;;;;;x
dino_fake_1880_title_15;Camarasaurus;;Camarasaurus;;;;;;;;;;;x
dino_fake_1880_15;A big saurian, this stocky beast, described by E.D. Cope, was fortunately an herbivore, saving our minds from even bigger nightmares.;;Dieses untersetzte Biest war laut Beschreibungen von E.D. Cope ein großer Saurier. Glücklicherweise ein Pflanzenfresser, was uns weitere Albträume erspart.;;;;;;;;;;;x 
dino_fake_1890_title_1;Triceratops;;Triceratops;;;;;;;;;;;x
dino_fake_1890_1;O.C. Marsh announces that the horned skull of a species he previously believed to be a large and unusual Pliocene mammal, alike to a bison, in fact belongs to a dinosaur he names Triceratops.;;Laut O.C. Marsh gehört gehörnter Schädel, den er erst einem großen, ungewöhnlichen Säugetier, ähnlich dem Bison, zuordnete, in Wirklichkeit zu einem von ihm Triceratops getauften Dinosaurier.;;;;;;;;;;;x
dino_fake_1890_title_2;Warfare of Scientists;;Krieg der Forscher;;;;;;;;;;;x
dino_fake_1890_2;Outraged by the government attempt to confiscate his bone collection, Cope inspires a series of publications in the 'New York Herald' lambasting Marsh and his political allies in the USGS.;;Eine Reihe von Veröffentlichungen im 'New York Herald' attackieren Marsh und seine politischen Verbündeten im USGS, nach dem Versuch der Regierung, Copes Knochensammlung zu konfiszieren.;;;;;;;;;;;x
dino_fake_1890_title_3;USGS funding cut;;USGS-Finanzierung gekürzt;;;;;;;;;;;x
dino_fake_1890_3;In the light of recent reports of fund mishandling and favoritism within the United States Geological Survey, Congress cuts agency's funding, disbanding the Chief Paleontologist's office.;;Nach Meldungen von Fördermittel-Missbrauch und Vetternwirtschaft in der United States Geological Survey, kürzt Kongress die Finanzierung der Behörde und schließt Büro des Chef-Paläontologen.;;;;;;;;;;;x
dino_fake_1890_title_4;Torosaurus;;Torosaurus;;;;;;;;;;;x
dino_fake_1890_4;This horned dinosaur possessed one the biggest heads of any animal known. The frill of this species is incredibly elongated, much more than in Triceratops.;;Dieser gehörnte Dinosaurier besitzt einen der größten Köpfe unter den bekannten Tieren. Die Nackenkrause dieser Spezies ist unglaublich lang gestreckt, weit mehr als beim Triceratops.;;;;;;;;;;;x
dino_fake_1900_title_1;Cope's Skull;;Copes Schädel;;;;;;;;;;;x
dino_fake_1900_1;Cope is reported to have donated his skull to science following his death, to be compared with Marsh's skull and resolve the conflict by measuring the intellectual prowess of both rivals.;;Laut Berichten spendete Cope nach seinem Tod seinen Schädel der Wissenschaft, um mit Marshs Schädel durch Messung des Intellekts beider Rivalen verglichen zu werden und den Streit beizulegen.;;;;;;;;;;;x
dino_fake_1900_title_2;Marsh's skull;;Marshs Schädel;;;;;;;;;;;x
dino_fake_1900_2;Marsh rejects Cope's final challenge, refusing to donate his skull and exacting vengeance by condemning his rival's skull to be forever stored in a crate at the University of Pennsylvania.;;Marsh verweigert sich Copes letzter Herausforderung. Er spendet seinen Schädel nicht und übt Rache an seinem Rivalen, indem er Copes Schädel in einer Kiste in der Universität von Pennsylvania lagern lässt.;;;;;;;;;;;x 
dino_fake_1920_title_1;Velociraptor;;Velociraptor;;;;;;;;;;;x
dino_fake_1920_1;The new species discovered in Mongolia by Peter Kaisen is believed to have been an intelligent pack hunter. Mr. Kaisen could be heard referring to the recovered specimen as a 'clever girl'.;;Diese von Peter Kaisen in der Mongolei entdeckte, neue Spezies war scheinbar ein intelligenter Rudeljäger. Mr. Kaisen wird mit den Worten 'ein cleveres Mädel' zitiert.;;;;;;;;;;;x
dino_fake_1930_title_1;Nyasasaurus;;Nyasasaurus;;;;;;;;;;;x
dino_fake_1930_1;Fossils of Nyasasaurus discovered near Lake Nyasa in Southern Tanzania by Francis 'Rex' Parrington. Remains are vastly incomplete, but they are claimed to predate any other known dinosaur.;;Nyasasaurus-Fossilien am See Nyasa in Süd-Tansania von Francis 'Rex' Parrington entdeckt. Die Überreste sind sehr unvollständig, sollen aber älter als alle anderen bekannten Dinosaurier sein.;;;;;;;;;;;x 
KEYNAME;TEXT;;TEXT;;;;;;;;;x;;
